customer_id,customer_unique_id,customer_zip_code_prefix,customer_city,customer_state
c7432c6d237ffd6aa36a007b4237ec38,9a897ea48bf988012c00b802f1104a92,2971,sao paulo,SP
7f399d641e2e2064470145178c9e8778,90436a67885a57f147fb79e6d0e4bc1c,38610,unai,MG
ba5642b730704dc0f74b7cf715b41ed5,4d8056f71519ae1069e6747c63c676f7,88820,icara,SC
0f346a2cc84ebb2d52f0759d0acfd030,6117c9ef3251089693a6abb90c195eba,25250,duque de caxias,RJ
d393b9491df482cf448e60aa9955b7f2,5caf3a2a5d1ef808e3dd182e79baa392,36955,mutum,MG
d9b4a26e122e830decf445a401ff0506,99062accc4c9bbd3a766f5af8beea25a,79005,campo grande,MS
3d7ded9f88ad6b06bc3f16ef0987fc54,c7d1c1a9792b4c5b53f6e88807ec88f6,13202,jundiai,SP
beabad0a90f659fbd73b571183bab1ec,c9e70f489d81d99aa85136bae90b4427,9971,diadema,SP
c0a599a259226219c1ea0d3b8821ca54,2e1b1231ac9b6f371971b8ec7b9d0fcd,4215,sao paulo,SP
6a8f01843537891ff93700664ca11c7b,39d26db6530f0ad21b671a973cb6e03f,68741,castanhal,PA
84bbde28c3ea5a89111357183bd40edc,30b782a79466007756f170cb5bd6bbd8,5872,sao paulo,SP
f25f80e2caa76bc88369d6deb846f7e9,34466539a4aa603004fead7a3f7f7bc2,23020,rio de janeiro,RJ
df370448e03b2b90e437d02b2c6a19f5,bf8b1b6b7a19dc79caa3d1a02a2e00ee,9380,maua,SP
8e802aa92e088465b6a3cbb2a5188d5f,b500796aff2ccdca14cd3659f5ec4977,4455,sao paulo,SP
50aaed44e9c8129beddba50bf99c232a,9bc26fe6fd9365ef95a2f6a3a20a0b87,13272,valinhos,SP
e91d82bbb0f6fd7e6e30511456357ce1,6bb535b0906b43e0041916897667aeed,88495,garopaba,SC
93bcaca0ba9906b15984025eb1ff7d06,ad37b0e34b70d1ed6fe35e602e2e4d51,63740,novo oriente,CE
715afa7e9686768e6db93aeca9998020,1f9e0baeb7855a52bc3106527c4f9276,50900,recife,PE
6311a3c1ac4f50b4d94af47a6cd0e20e,bf49396ee81dcff7bb75995c61faa035,74845,goiania,GO
36efd32104e8b48038e2f4dee07c3935,813eee947cafda0ed444814b805325f1,31260,belo horizonte,MG
3ac65bf8cf7bea336ad70d583da199cc,70c7bc295f2ffdd9125c96d2ace32fb4,35700,sete lagoas,MG
0e7130b31eb9304b496e9f4bb8223ee3,4c9097671506eb668546b2c1aaea3c83,91260,porto alegre,RS
e589a8bbf2391c4a76e74041c646dec8,bc06da4ef337c61d455d1e5b95ce9353,95084,caxias do sul,RS
e84608e3babe2d06427e6ce76335268c,b0c63a55c080a0c9e44bc9506bfe91dd,26520,nilopolis,RJ
a5e6bf4ac91d2a0df7e87ad00f4b35b9,159bbeaf58e0b4c5cdca4d998d669fdc,5011,sao paulo,SP
784901d3f22212ba0ea67576d2c41ffd,97b9d176749a7d6c492127e87c5fab0d,92310,canoas,RS
7186174ecd4121c35219e1874fc4eb48,e8da63b2f86c44c750599dbe9d95b7d2,32220,contagem,MG
363e4064dfc15766183c22445d40cbf5,1183d9b6d934edb97b5dce5cb4f33b19,39550,taiobeiras,MG
33fecdb758ed5ea2baaac2960295590c,a7f0fb9adf2304de209e45b094fb53de,12226,sao jose dos campos,SP
987e330d74e0482b2926096aa53470f7,81d767ed674c1bf4665e18c0eb0e8e18,60455,fortaleza,CE
8c555e6b3106e278f1c88251226cdb48,39e99ddb5ae1904f14cf42243a6641d4,93510,novo hamburgo,RS
ee517d3a38e003aabc2dc2b08a0bc6fb,1eb6f015c37dc8e3f5b531fbca809a49,81610,curitiba,PR
eba5d9240fe1c10851a9653595f90674,4a055e75b893bfa3d72f550bc325cf76,27175,pirai,RJ
a12365591fbc4f0ad1deaec3bef23605,b21ec1735698910d58c344e453cda6d2,85811,cascavel,PR
4cf7ca82e6a8dce7f133a986b20e82e0,986b90e1142e5a6ddd0c5864e9b3d79a,31310,belo horizonte,MG
08226425318d264796a7b7e32b9a1bf3,9f5416f562940d76100d4e950b05cfa7,11075,santos,SP
c761ebec64b4f7a47b094442b3dbfe0d,d4d43f25b59d9e22be5c238a77c52eb3,22040,rio de janeiro,RJ
d581eb6d9fd28fab7f1e4b19989f490d,e1759df850b705947d579706a107beaa,31330,belo horizonte,MG
33f94cb672301b24d91aac31b9ff9178,0d0f7471391c3a72f18f22c34fc5187e,91788,porto alegre,RS
e9e2fd0dc6e825e6ba932afa33273551,93ad1e0b5bd80a1cfd5d9fff1d198128,3975,sao paulo,SP
ae3f264a566530ebaeb52b2cc1559b5e,c40f5af81ed6752819b393aabc0e275d,55608,vitoria de santo antao,PE
a341731cfc9dd5db5a49fea0ac04f97b,f211894b1985adca8b6866556f7f6aec,12280,cacapava,SP
dcd82b51ed72861d202f5dc8b3ac8a19,34f92366f52d2b66d66c5766e15c4e3d,2757,sao paulo,SP
9c085bb96a09d4c216879ee1d44582d4,68404858b74fd9d52b315241733570c9,13344,indaiatuba,SP
2441083db7fffe0d6cff5a89a55fcd76,bcbe49135a6214760ea6ac719e45e765,88504,lages,SC
a0f1252b8378182f65bc311788d25d0c,65cdf5ca38fd0667a658101672cb46d1,13506,rio claro,SP
a5f4ce5c4e85ffdeec9c44b6da6288c1,df2303f3a52e675813bd5bb8152ba3ba,2319,sao paulo,SP
60ba4ae55efbc6dc0e428fc0f1fe0acb,5f187d7a9ce17aff3891b14692db3911,11451,guaruja,SP
32b84239e3f3904ac162d832454770c7,a666bec8af192f2238a0b719a7063a00,23093,rio de janeiro,RJ
f1f213fc2d98543b4d7a34d72754f880,11f4e46d548c0f96c60475576a0f6636,90010,porto alegre,RS
c986404d6cdb4c44f42b32e11f5b4296,85b940e2a3b147cde0f6e19990dc5cb5,11035,santos,SP
888b89909b823773e3a9676f72cbdc2a,fb3052d29cb67e5c4b22f9a44ae97fba,60842,fortaleza,CE
06d970f4d3006a575508a217a7acb7e5,d194eea5b8f6b67992f5a3ca32ac401c,93600,estancia velha,RS
b0962d2b8c090ec26077939595a5b00a,e0298e0626c3f75d94a60dc6628f27cc,54350,jaboatao dos guararapes,PE
74b207275c96418c3b8cf697b75db94c,ccc0bfa155686baf816eb6d8ae01e2e5,5625,sao paulo,SP
9b190196ea7f4ca95c4f5f94a4bfddfd,38963cccac7ddbf4819da22bdd569be7,88955,balneario gaivota,SC
1c188a043c24a9ba1fb58fab235989c0,7a3b3594aa73f3d60383e543cf3e13f8,18520,cerquilho,SP
571f9e60ad9942db4d49ea1a37343445,70f72887477b6d6a31e174834cb07187,64000,teresina,PI
eab17001b1d7cde27c1f1234af12d4e6,01bbbfc56b8ec1052e46f260226e34f9,22793,rio de janeiro,RJ
bdb7900162ab12a8d513a360dbca93d1,42bb902a6bb8846bd157d39bccc2fd68,57180,barra de sao miguel,AL
d2ee19af0e1f9c75e2a4f19a475980d6,3461b2163494df8af4389bae55a6372d,6414,barueri,SP
9379aa1c18e5838ac70d531dfa5505af,78a4308deaf42f0f5bc37c3ba4fc53e4,83750,lapa,PR
3517a15e565f703c87c0086d471b8b8c,9927357edf03e1a67cdc793de508c5d8,18550,boituva,SP
73ef39f6e02433d37c9831e22b783924,0367dccc4908227b00b0ca2371f31a0d,12580,roseira,SP
c0a56dec29214ca8e10a81ae440b6c5a,53d9311d650a3e6bdba4696a36ac72f8,74810,goiania,GO
764c697264e9c98080259f8640b5c49e,c15446109b7bd781f14dc695eca04143,20560,rio de janeiro,RJ
6645b9283b1f5f504d00cce41870864f,49746c4175293e1bdab705a1c0a4699d,79093,campo grande,MS
3be4ac356c3f5f24bfac0a0a60ad48d0,52ff299027b82ad5886b78d57dd8be1d,27580,itatiaia,RJ
9be414fa82e43d3fa9cea3b3cc00eae0,47c1a3033b8b77b3ab6e109eb4d5fdf3,6634,jandira,SP
d9ba2a5674d8261aeceb564ea6269927,26e8d473fbaef56f0f90930bb036fb89,77017,palmas,TO
f529a0fbe1ebd4622fb563b430cac7f5,90db37be54fd796a0fa73b7678e8b795,40150,salvador,BA
863c3f24261f7f0b1a300894d650b299,34ed577a045384a9d9df4bbab3601bea,22793,rio de janeiro,RJ
ccd522d435c739999d81c22b58f4b2fb,29a320c6171cd298488f738f26d0bd61,80010,curitiba,PR
ebfe7f31f9c0f96c6e0ce986e77a1359,00aafcd186fbd5da867f9b8df04518aa,28360,bom jesus do itabapoana,RJ
6aa501436836de38051dfc5fce054127,d2cdc1bc229c5e1848f8f7ce60a415f7,6823,embu das artes,SP
529466a3f8698370a8c824b088a9ba07,5b2a590fc1bf75d1dcd0b4020ddc8a5f,86811,apucarana,PR
d9cccfd1f0263ed3801c621a7a63b8ce,8191d3f089130ca0df2174d627102b96,1050,sao paulo,SP
1e7347c98af2c5dd3b24ef197d20e0ce,c26525a6863cd7b333a3bb8de64eff74,89176,trombudo central,SC
0176d6c1606400bd49c88871e15839bb,e359c198636cbca8537e6c073d2d9551,24421,sao goncalo,RJ
6355194d5dd91d52c9e79c84b5ee9774,04c83639f720ad66ffb6b8ba9afca9d6,78643,querencia,MT
d097afda041bfccfec121cf5b4b5b11e,6f99591f12f5335a920f80557e21f03d,22770,rio de janeiro,RJ
a55b85ff2960e23e05447c3c371899b0,44723e30324b2effd5a8247794af92c8,70680,brasilia,DF
7635534e464209718016b21fd2d2fcc6,b733ee1206d5a9380b95460deeda07d1,58428,campina grande,PB
f1d2dccf40e047efb9b678cde4a123cc,f714fd5260fc9d9f1b9628afe96e488a,93336,novo hamburgo,RS
fdb7c8642c7871242f295fde2b25bad6,e9bd60258117342273c84198e732b955,15910,monte alto,SP
c9e1bf85960698190ad550557fa852d3,e10c33b62b6a9803573369ae09da44cb,87501,umuarama,PR
dafe240fa4132e5da366caf9f6f9caaf,a5e706a547ea42fde80e3cff5316c84b,6950,juquitiba,SP
d08010b90306a39765dc8ea6b95c7d0f,7d2829c2222be0a081bcf2d4d3d540a5,93037,sao leopoldo,RS
824841f5112b77c04e832f5a46c2d733,903da68ad12a13ea58f14a292c0c50c6,12320,jacarei,SP
e64941affe5c05c4ac39ad03d69f8342,a5c62e7e896b7e6ed95d39714f51304a,11667,caraguatatuba,SP
a7089cdfb6b910afd377368f3335b1e5,e1271d8a2ce007bdd8b40df8a0ded843,9230,santo andre,SP
122ebc312342fd97b92fca93ee20ac06,fcb030a53d324f1642eeed9a05c75d7d,89282,sao bento do sul,SC
3e66d46ea1ea4b0c41a363bb6d9b7c86,5950eb8fef0ee900da7fb4809ed0dd4a,6315,carapicuiba,SP
4bcc37ebec377d9568249fe87c94f00f,6f204ac2e1cfd115fb0d35f4aa919c7f,6764,taboao da serra,SP
e7aec94ccc558cd76a77a8a64ba60f52,8be9e2ac8cd05c487471b69ef7687b38,5049,sao paulo,SP
db6331ea477ade9eb6cef50909c93230,1905e93efce7230225a12a8b9ce1238c,36700,leopoldina,MG
bcea0e501f387ea1941aff7b357c316d,e185c409705237e14313f1ea04f1699d,14060,ribeirao preto,SP
92aa8377d76dce02451719d307524fe7,8af636a8e9d58c32fab1d7d35fec369e,8240,sao paulo,SP
29d896af6952f87f4e4416e976985555,ed1cad5e10122c2c5dd56f8bf6a18576,79332,corumba,MS
be42f75f109a91a62d487847c82d7eaa,bb64a59eadc044eef240a4f8b988282e,93800,sapiranga,RS
b508f17766dbf8744877880acaf0be4c,5d8c53cc636f8d4d4a585625da580205,36400,conselheiro lafaiete,MG
cad2dc8d82cd9ccca487589a7fe62e6c,23f5ef949f4f54d239cadd6aa0ca48ed,11534,cubatao,SP
2ef3c7de1b6079d40773f9efb4bceab8,605e2c9d8eab9c7e0bfddeb7be5effde,76330,jaragua,GO
578614f14310499cb4a29f5a87ceab56,2d5e617e6b8b6e6eb40d0d4fc03179ec,95270,flores da cunha,RS
cc520e111caf2d8356003f5814dfb2f4,7107fb477c1cee6a2f0e7a6e7b0ede4c,6266,osasco,SP
f6a795133cf03ddb8785bae6a82825ed,e1abd1dec927a860e3233c33b728b49e,13735,mococa,SP
41098815d7b37701fd86f172aa473842,ce6fe00734c727c4543c7191f68d1ca0,4185,sao paulo,SP
0da4c4dfe3d09319f5f1db69f78336fc,2348b4de1e01715cab039ba3ce2dad8b,3737,sao paulo,SP
534a35b633f86d450cc51643df986b20,22368ffd50b3053231db9241f9d3b1fb,13342,indaiatuba,SP
921681820f5576cab1551e570e6dc62d,32f7cd86cc860327410a818ca1a98460,13211,jundiai,SP
e10996551bb1897b97c37e1f771e34af,54d757624bc4f049bcf411dbfc5b832d,46880,itaberaba,BA
5aca54e53eab097bf761383641913a4c,6c7666a9795b82caf72015ee45498b74,4405,sao paulo,SP
cfd124ffe38534e2575f94a6e1b9dd60,10ef6779ad649bb93e9560b52376b24e,55195,santa cruz do capibaribe,PE
f1b66f0324a631de414bc2bf62b5e915,ad85f34e57e670a213885286b6a6a93f,37556,pouso alegre,MG
2afc1d604e9a528a86dfc0beae4739c0,8234e6c1f994bc829649de4ac248ed0f,87265,quinta do sol,PR
98c6cbcc4341a06f0703f53a0f7a798e,23cd343c7de3187c4d3d5bc96b0e3f06,19500,martinopolis,SP
a3e787cc07eaef73b3bc59601867df94,760bf80deefbc99703ba045b6c0c1a34,13454,santa barbara d'oeste,SP
1e9d3655bb1078f29527381ed32c85d4,efcac27a9cb4afabc3e8769a348e739d,78580,alta floresta,MT
00a16acd591b4bb112f2e94c7d2f9936,873e5a11673ea73e58db17af95546fc5,28941,sao pedro da aldeia,RJ
069cc8646fca6d760e049d8a4bc0c334,c7a1aad0a8d345d73a52343e36daa6e9,8072,sao paulo,SP
273a44129c251f678de4a9fe152d9ed4,f9393bfe2de520787f6586a83abcfa79,6730,vargem grande paulista,SP
672612210e5061344b84fd4bf0028b86,f1ba7177a432443977dc3df9fa8dce63,90010,porto alegre,RS
766d92701a07c57f2b57f01fe97c4405,278256c4e23f585212de04f1ae53d9d2,83322,pinhais,PR
89ff417fc7831dcf69332bb5945e5a83,ccaa4459105c07d60df11ebba645f166,31255,belo horizonte,MG
b7b87d3282571fd06f494f2e5d7218bf,d9ff2c2a02516ec8114c1a4cabade69f,9861,sao bernardo do campo,SP
58eef387307ca6f5acbe151dbd4d1b10,70f437bf3a02c658a32b320b87e25127,6328,carapicuiba,SP
4b9966a134d8d1dc47d327095a63ece9,f588b3e8c3a92284c02a5f3b0728d987,5175,sao paulo,SP
3ec01ba0003c6a5bdea2b11f450c05dd,1aecc1804f168ed275ad536517843133,32260,contagem,MG
2a82d7cd3bb6eb87bf2ae493195d4fb3,36942bd30799251795cca03a1b16e004,22631,rio de janeiro,RJ
28431c7da08761c1ea2827009796a928,7cf08f01ab6a6a1365e1613989a65158,96740,arroio dos ratos,RS
5f9ffa50c97b5c99894ca8f4fb0ff5af,c2d3b935a9f246a1edf00661066603b7,18077,sorocaba,SP
4b56a0ddb5f1d77d435869636216210f,3dc950be1edf22b0ad33af44837df4e7,68627,paragominas,PA
bd07f957967b0f67e147585478c3f2c0,6627423ddfa79c28e4488b16b7b9d6c2,30865,belo horizonte,MG
2a24c9f16ef70dc2ccfe21c729df295d,73cef625584414927ff968509a11e8a9,39100,diamantina,MG
69e9a3d06551b6045a19d2e64b746473,bde74caf8848f8c4bf541c0098f0c9eb,90480,porto alegre,RS
fa9b3cd2e99e5241efe68dea5b19f1b0,a4b921391832d319f19756511cbdc484,39400,montes claros,MG
47729014fea93d77963794163d157644,29611352f130c330ea8b03e27c62d405,59507,alto do rodrigues,RN
a317ad435deb7beb5632846c5ffc9592,74fc9125eede6d44f2a1f33c877374e6,14062,ribeirao preto,SP
f5721b9d1b28be65390235aaf8576a30,0f12bdaf9d46e2e4915c3b24c73f3ac5,80030,curitiba,PR
ae8114bdde5d84caebb6e3a3a74a0c03,cbef69f1032025de55804dcad4877631,8230,sao paulo,SP
ecdb04ab71b746dfc341eba4f70fe64f,27891f64aa89e1e7a933b2862b583ee4,11750,peruibe,SP
782b4c4357dfe07b3677309d0ee61120,6cf5a61d865d979d060812cdb48ce484,86049,londrina,PR
c2b189b3302f679b82b0ebb778292f0c,4df708cabf0d092e540230827dae04de,21710,rio de janeiro,RJ
1a078bd3687da0e2d34c8eea463b975a,953116aed8f66769f1a834554cc4e020,96060,pelotas,RS
e66d33cb50becd445c9a52eeee37adbf,db8f7a5276f97221dacccbf8ef9fbbc9,42806,camacari,BA
75c7f286ce3498129e5b1cda16ec5cfe,dd33e31b3963afbc9bf2b882d3fadfe3,5616,sao paulo,SP
1c6279e4d8a3c29eeaa6e9b4a5925143,6cb48842b3e037bfaf046b60186b3a49,13272,valinhos,SP
1487098a1d83d17bd6b04c1fbe1aafb7,4eb363e11ae95699d3140a3ff117f8d2,39404,montes claros,MG
6aef8b4eabee28b90344d0d4611df15d,7c22a046cd18a2bfe87c79e63791c4d6,60335,fortaleza,CE
9dcae53ab538f590632153ae2554b1bc,083e578b18c8717ecbc7fa41c6e6a6aa,9111,santo andre,SP
cfe2274c73c9048dae0c6708138ddb47,19f67f29e98ad51ae3d788625e10c038,20921,rio de janeiro,RJ
e8122329558a42bd29d84ed6432cefe4,1c8cabeb197637a735759ca135fcc0af,2415,sao paulo,SP
2268cb48c219a752fc0a039a2c365568,a50a55d06f346f5e1a167832de7c3263,14790,guaira,SP
23a013f994d227fe094eb1d379891c58,05d814587e80f2e2846c144d4fb511bc,97110,santa maria,RS
352d9d94c26ab1aa2a06d5eabd10f020,5ea98ccf7ab339d0df0762211877c227,85812,cascavel,PR
542c3d356022131cf2dec11c24abba30,cfb025f193db116549c9c23e4d58e3e3,13041,campinas,SP
278a2cc7e2e7b90f0b62d57871a86fc3,981487ad8cc46b374cac102e632f99d7,70736,brasilia,DF
c96df6d3deff85d63641900cc83bd2e4,405f45b1bd4820a68c040a07210d0d51,65975,estreito,MA
7b63cba66b8e6d002e94d0990c1e2868,38c3bc2d6df03905e3e8d3d5b079acf4,22790,rio de janeiro,RJ
fd04bf849b36444f719850585a9b0e8a,97bc08e526795b17e1d4f642f77ae304,9993,diadema,SP
416e59b08933168cebeda1fc262a76eb,0d51034f3d6811dfd6c73b6b0f328a80,5588,sao paulo,SP
212f4bd964e2b455d2adaa4370aa4964,7e3ddeb77eebb835c1d0721b5e203791,9090,santo andre,SP
fe9db57b1fe84352125989acb12d3c68,d2d4ae284fb74a5b0f0f8af418a64b3f,1006,sao paulo,SP
f9e23c14e5ab7352006f43521f84b3d5,b6ccdcce8f60189ba221b69e1ee12401,45570,ipiau,BA
4b8aa85bd0844a2cfa46261b1afd9386,5845b9ba0fc652731bc389c5600302e0,52165,recife,PE
1752af45d5caebc15239fd7071e68990,d4b5e8243b9a0ba1b8f525681490739c,17340,barra bonita,SP
769c88c1b9d81bcd01d6061f2392c6d8,9c81e8d61f57d26174c0b7657940339d,15990,matao,SP
355acc2c291066f4d41f954918f11eef,b0004e82bf1f90c43ffe748ce54be94a,15042,sao jose do rio preto,SP
d31d9ee6ccc7152f0782b24bc5570add,b0ee7aeb838c0da4ed548629ae1607cf,14405,franca,SP
b7d4c9cf150b66854922a7a1d064f56d,9682c531e9491fca598e0a3ccdbc7cbc,6767,taboao da serra,SP
706cb4fa45140c2466f192e6d449f656,00651d97d964127ccfc0e2e55464876d,13042,campinas,SP
cdd203a140fbf5320bd06b0aa17aba3b,6fcb0c15d15d6cc8ba8a6ebcb8828ddb,3112,sao paulo,SP
bceaf8b12a79028075da3b7a36f1d6e7,2887d406026c92a31aefd39960663798,45810,porto seguro,BA
9a8bbd66115e373f060351c2383b5fa0,f883c98cb767e658c5b0e92b3ad65285,36307,sao joao del rei,MG
824e5cf114970042935600c0dc0c46de,b0c4d159d144823807e39529959ea76f,41337,salvador,BA
92f3760b26938983b3698e6d2559764a,404c70b8b40b5fd8cab20f8d5093cc86,54771,camaragibe,PE
05ebc27279c0c9082b56bbd6a1441a4b,25084c562406811ccea6b10655d1fff9,6293,osasco,SP
cb6967ba89bf0c0146e4cb9eeb5b440d,c55821f6a2a59a93d4cde13a2ec14661,78665,alto boa vista,MT
8099fadb07a30a0edd0ddd7f6045724f,9dadacd7fb4881df925f803d4f05de92,79017,campo grande,MS
a4469901a1b99d810329af218d154768,c45a227d0dc48199de81e712620b24e8,6820,embu das artes,SP
4b3cccf1f324abe3aecf89ef1ce2ce2e,f2d9562362aaaceb134e071eacb37915,88385,penha,SC
085dfaa4e6b6df1552f6830e79e71f3b,9bde95ea1c0fc21776b2fe114807c556,9210,santo andre,SP
aaa47fdb785f4c0707af8f2195eea941,7e6260f5603af2124b83945560f90b6e,28300,itaperuna,RJ
704524826c3b6ea14cea19ba0c11ec4e,2852637db607bf7d453e51b172b3e7d6,65075,sao luis,MA
3ba35ac5e5254aef087324d19b05e37f,f9cad2615f9abac4488292a4f03abc1b,97390,lavras do sul,RS
ee74cd7692f3590b03d7b8fbcdb18c44,6dd6e77a98003996c7fd7afb70be95c4,14781,barretos,SP
afddd76d1457bf3429973d37105f7aef,b51e5231c8ece4e6f463f2add2e07f60,72002,brasilia,DF
2ab985fdf76700a0c77d9ea89e2f3e39,5770a9140aa5dc0ab1a2c046dd543664,2328,sao paulo,SP
d1957303e38faeb5118629ad84024cba,4e78b656d61670a56c6c0c70c58ed82e,36784,dona euzebia,MG
a665a1314241703415ff8050078a480b,2d613625056a1ec17e4c63abec160284,66623,belem,PA
3344967f4b85b3546302e472681d552b,043bf08714e3d2649e99956601f2dacb,13320,salto,SP
cef7f153f7fb65e2076d6f15e7f58f55,076b7055bea51da430d6a6fa054e5075,11702,praia grande,SP
1f4ef6ade0241043e777a8e9d3060ebb,7572e5cef60b963282594a4475752b3f,39403,montes claros,MG
8130aff1c0475cddc4945c24074dff66,fa897856f19a95faf61b1fe22bfd0ace,21331,rio de janeiro,RJ
69ad2710e68c0c7cbd5ed2e76ccf0ada,c91c021edc02c2af424017d01223f8c8,35600,bom despacho,MG
9ac5cdcba84c5425f84b159685728624,d1aef037cd06ae9e8018d05efd0ed17a,89190,taio,SC
8acb24dc82680660e0270890fd0b5a0b,3f43c86453d02badf9c09a8149b620d3,91370,porto alegre,RS
6e568303db60ca2bb3aec0b1f9183492,7c9a0402e884c791edf88646b7c20a82,13085,campinas,SP
c83ceef725175bc8789fd9b820098b08,c491d7725de3b32529b2393247767d55,31050,belo horizonte,MG
aa86a2174dde0b98dce3fab52890ca9b,8534a193d22ff9a77e80361fc2095e71,9770,sao bernardo do campo,SP
95e3388b5dcbb48857ce7d634e15ead3,bba7d63521ea0c1e114d1afc1f14b7e2,11520,cubatao,SP
12e316915fbac49913add2f1a53b05f9,826c82db79dc086400a19839e47099da,88330,balneario camboriu,SC
1506e4481b5a1dfc5379811a8c98e765,c679ed73540ae7db607e5a6107082dc2,72225,brasilia,DF
f1bfdcd08a92feae90319538b67d7aa1,1b9d0a0c0fd5211ae01a554419120554,6550,pirapora do bom jesus,SP
bc7ff0e7c6d31fd59dbd5f70835b4696,2f53a09bfca049656dd9b86d305bb972,6070,osasco,SP
d3f8f35f89101277e688d1965dca40b3,1d95e73c33e172b6e663767156b98efb,6786,taboao da serra,SP
64bd17035b8606fc6f536bf2f1ce7cf3,d7de5586c7e33a1a5ba68e9c1d336b8a,80510,curitiba,PR
ccc9f4665a052c90def8b7604384c6f2,e8a2dad9972d90985fec118534589519,6855,itapecerica da serra,SP
5a073c41c1e7729b4538e4018a6cd170,a6b44587e9ee322a9dc6e8b6adb1a3be,5019,sao paulo,SP
ee9f244fe735d376a5a7a755431cd494,1b8e32b9748d27829b9e496dc8622630,64000,teresina,PI
ee3b4b2a37bfecd113a6095902de1b0e,1b9b716b2ec99bd330c1807d54418b46,5544,sao paulo,SP
c267e32fea07ffc4d9d388d44c4106c7,001f3c4211216384d5fe59b041ce1461,8240,sao paulo,SP
7f9dc3862d274f80c1c4797924627a7a,62ba9aa6439e76ea875e1676b09ee995,37706,pocos de caldas,MG
550fc4a83290572e965f77f8c53913b4,05205c3546aefb9ac9436fed99f92af1,21830,rio de janeiro,RJ
492275f120fd0402e55df89dafa24276,9c92051d99c50e47f33f1955a74e0681,13253,itatiba,SP
66e7c2bd54aca2f9dfed7187ef360506,42398dee8f2098eec5579129cc1a6f5e,3805,sao paulo,SP
7b25189538bd6c13bf9440f0d3214a02,6223f9541d9787f8551b6b0152c6ebba,2998,sao paulo,SP
d516b3d67e888a60101647dc1c73edad,a889c50fed679f7833b0278c43e8e33c,35790,curvelo,MG
39956277e1326a1d59862db252e5c257,e435b5e7210e287ae7487d7e384834f2,13031,campinas,SP
61ca21aafb7110bf6cd2078f01d7a6e5,465213418e5f34776c10da6c25583be5,70294,brasilia,DF
7e9d165149e0c65112e2b9118b8e6378,f7f7c86a6751896d012ebbe10e3fc6f3,13567,sao carlos,SP
9035b9048ae02fc3b54e4f46e0cb9628,bc78253a365ca27ac64b86faa082a834,6142,osasco,SP
fc2a209aa31f3e9d4df7bdb03137b67a,5b31942027f1603be6676e2df367f184,88509,lages,SC
49474459ede7f8da6d91842919d03b77,8f1f89df8da6487d3d526e9b65252307,80530,curitiba,PR
a17846ed33d62b0e48c6f07ce9132318,43eb0e993502bd4cbd3400a492a5444d,37600,cambui,MG
76dbc1556c66d771e8a6b60c35957e01,d33c5d355ab0a46b3fc4e41f2c99f19c,48410,cicero dantas,BA
feba7fb74fbd42ad8797ac9346f33c9d,73269ef3cdc4c31ed2abac95f13c9ec5,5025,sao paulo,SP
6b423102b789a5e373332ddd86b8b6a8,5926155748a17bea012987f22a4e73a6,7080,guarulhos,SP
669e56d17b7df023ff7559d3c8484222,7a4411f897334f8415bc8bd3f2e64d78,60192,fortaleza,CE
b02da23939473035247493e441118d56,165b35b18144852e474ba63cc621060f,13060,campinas,SP
e183c0716e28ed5302eb1a3bf6d316b0,8845265a32c8aaf62971e1cb6f260b26,4205,sao paulo,SP
0755ba88bf7e1c270f5a94264b17c603,58042c9e927cb9148140e40a7f431dd4,5208,sao paulo,SP
af189c7154bf7cd83ae87e7c7c43a6b9,a0f97d8ed64d4e33d7b0f29c4118f244,9972,diadema,SP
1222383916b5fb69b50cdfc3cdae8d7e,d22c371365b88420a4d188f3f0cdb719,30520,belo horizonte,MG
0c47b248d221de2c26aa1f823e15264c,913f5e4f97adfeb0e74fc6c60f3c3331,30514,belo horizonte,MG
bf532369897b190d91ddb2cea7491a54,c7c92d52defccd813e462a6bd33ab16b,75860,quirinopolis,GO
467ee3ac57bff4d98e3aa47e98f187fc,dc7ce0b97f59c30ae92cb43522bb3682,3448,sao paulo,SP
8dcedd46d066422dab5f38033456618f,df9ad365d2f2a3be931ce4f69e57206a,14500,ituverava,SP
74359c5e719163f7edb9a3f29ba6fbab,443e23b582e69ae01d4d254f6e7dd3ea,69919,rio branco,AC
f33b127cad2e1ad3d33db4df72ebd159,03f3956529aac8ab54669986dbccdea5,70316,brasilia,DF
f5d02e908f5fe2c6c7f1207989c1b114,14b7cfde02a83da4d098a3e8759410fd,22070,rio de janeiro,RJ
0504a5d74832ef83b263972cc39d7377,baebfe959a654aa97bd3e0b179a31c3c,35041,governador valadares,MG
ce40914475f12c24e87e57bca904be45,b46ace6f12b26ad64443c557953aee62,75071,anapolis,GO
4479c24d672d4eb166c60188425da673,37d0b647301742b1b17d627e4c10aeae,2430,sao paulo,SP
eb7d32b871d7e1d8f3dcce1aa4e095bd,cbdcaa621583ca59fb72b5cb1866c34f,4191,sao paulo,SP
3d6fa8d293cda29a0c7ea033b07809d0,4f1a96d7fdc1c50b5b163e16de1c2166,22050,rio de janeiro,RJ
9683869125c8e2cd4c6681f7d0f5b91c,02d7cc0037bb3563ed6bf98c5b0d9f0c,24220,niteroi,RJ
e4becc9eb42bca5ecc23cf5f5955e1dc,f69997c284fc08bb8eb98cbbd3670ae6,4205,sao paulo,SP
d86a7f223ce234dbeb9b8a43e492d4a1,48ee05f414035e54588934fd0f05378a,59810,portalegre,RN
55761211ed951c99bab19617dad3e33b,f8c680f325076e63a1d68880937258b2,62760,baturite,CE
67cddce6a950f9af839be8e688f9f287,ea75fb7f0c8d3cee2a7bfbef96074956,16880,valparaiso,SP
7b371405c7e0b654edfe362e09d6a0e2,b50d00b47e3aeaf4ebad0b840921bc3a,8500,ferraz de vasconcelos,SP
eec4a44316a2c73ef67187fad035a884,cb83caadeeec86515aa495bd52b834f4,1426,sao paulo,SP
f449fd9a4efcb0cea3b97c27c05bae01,7ae3bf22d9fabf9817cb4ce68916d101,7803,franco da rocha,SP
27b295de7abd15ea08c2dcaebb4a3666,a0d44d593fe455c0ec7ed8f4715190cb,1451,sao paulo,SP
cebc1cff5b31ee0ce570b98626a89dc9,568a764e5829149bb3a1d8a9cad5bb7c,20550,rio de janeiro,RJ
ae71b6eabceb10fc65bd4c7edb0b24a1,95c0f97a99204a7dd5a98d27e3c53933,13301,itu,SP
e808442ade9d84c082db6c3fa005c8fb,3c7399e057696d1a324871cb80f46745,91350,porto alegre,RS
ebce6fc6a9bec43c687015788821a9e3,5835368a54b2686ce75f0127c793a8f0,88317,itajai,SC
06924cbc5d26492a79fdbadd872430ec,d13ab1b949e9fdc5768873bc77f539b2,4827,sao paulo,SP
aa154dbe6fa58ff5b8dc04278934f841,dc1f3e90dc290f7709291d4694eaa2a8,31920,belo horizonte,MG
1f74cfeeda5e2f4b51ab875fb82748be,d249f687644a10a2680fcf334511beb0,35230,resplendor,MG
66e142543f92067ea3bd1f529c570aac,f0d44f58d4630bde4ab50f35cc9ae5fa,8594,itaquaquecetuba,SP
864b6e5515568a915e535a341c973ec8,98c739ff73ba1541f4c008e55f30a25e,38010,uberaba,MG
b5d131af7951f37c72c8439e2eb9bf0b,0cbaa74a511e52c7470f2c85f2ebd559,31578,belo horizonte,MG
98b57da4f6372460e9bd54e2e4491e0b,019ac5580a897d52e5ed6f7ed89ade27,13170,sumare,SP
c845abb0677b86ddd8f3a9f48d6f09fa,ee604e52be2a15c28ff587fdeb51b68a,27323,barra mansa,RJ
7adeb9ef7256f00660337f5959bcaaf6,266f6baed5662cca5d5d51db71a51b23,68371,altamira,PA
4be9ed1bb341f4f406134d6a15088db6,ef0e85848b6a00e7d41318ae87025954,96845,santa cruz do sul,RS
eba9e6ca7e355d15e295fabf441d3f2b,1fc21efb0168e17836ceb0b8ecde05a6,5454,sao paulo,SP
2bb888a937b336c2828489c8e5b49e8c,97ef0043be8aa59c7b3b100e569b1beb,25850,paraiba do sul,RJ
6a24075730b9c1400e48548a5cbd2738,e8a398ff29ecd32cd95796a2fe0de274,9857,sao bernardo do campo,SP
4626deb1d6528b9fe2ff75fd889f27c2,9d9e66e0aa0c3e3679f222b49308ef46,25806,tres rios,RJ
3b6cfa5c62f4bfb3c09652d9ac539a8d,405f6a0f60d44b5ad32044970938191f,1224,sao paulo,SP
9ebe376b5d3f517c3d18461079c1cc4f,9b54d8ce4527bcd6d586d20cbac8c270,26900,miguel pereira,RJ
4d62a25334b6a4ea711e744217f4e274,44d67cc85baf7a55e2d0a4939bed5855,20775,rio de janeiro,RJ
59dafb756573fabe8b9e507b2c220f69,6745605cca7900f93822a67c1e1f5821,27321,barra mansa,RJ
64d518d107bd6985494581f424c610e8,6baee3008124f2fd07c61fc8169ad485,93950,dois irmaos,RS
beb9271894cf44c6d9997233fdcc9603,c9fad93b46d16894451eda45daae3e3e,59073,natal,RN
a684baa0a4970c9b74646295edfa2091,34aaf6b7dc72aa67c949cf6d35ec97a6,2408,sao paulo,SP
0b39d705dbfe16398432a7a048591853,afb7052400f007bf6c166de1c9f683fe,9110,santo andre,SP
812ae5f51087e46a1c491e95d3baf5e6,890b3541cfb2ee499ee2d4eede088792,12241,sao jose dos campos,SP
ce57d3c9775ce4934c368865113e94a7,caa3d56b7a6777daaa2793053bdf2309,9920,diadema,SP
4b44972085bda435123999dab7212346,b6d66f034c53af0aeaa276144f332291,2531,sao paulo,SP
0eaeaa7cd1d73d8b59c4dbe6ce922263,e2f069490a9858578ee0accb5331631b,14060,ribeirao preto,SP
e8a45e0dc990d5f668877abe22e2db2e,ffe204b1bb8026741b839085b2fd10f2,29197,aracruz,ES
13e310ef69a168c6d8876c9f932b6681,1919fb82dae2c979073d9340a3ed9c84,70754,brasilia,DF
1839304e9ec39a3f259a3f6c5e9de0c7,65aba9fcfab328c5dcc542ee05044a24,24220,niteroi,RJ
264e92bf199cee82e87af0c8552aaca8,4ca7e7ff2c43abe13ebf78f081aca476,4362,sao paulo,SP
ecaf8b78eae12f33f091d9f34a0f6efe,8571477cae10b48982fc89d9960ea8ad,31155,belo horizonte,MG
3182be8311cafb4d4c8ea0385fea7df3,1d95a47c2206919e1de2f8ff91065d20,1129,sao paulo,SP
d828aa60b62d1ef598c2f7c75e7dfe0b,24bebb6ff5f6b160cf78f11ad5c7278e,12248,sao jose dos campos,SP
d99a2c8000e14e11c6cf41a2352a9e91,08285c6499b42230cd7a9e5bd0242164,36570,vicosa,MG
b498c982e3f7163502774d5d250b59d7,f6fb801d4acdbd2a0de39961877dacba,12947,atibaia,SP
250dfa98c84cdde19347af0428388a8c,0129d48dce554d95f641d01eaa88904a,9790,sao bernardo do campo,SP
582762f6f5415d10a1513f9fd9c074a8,4343c49fea39abbe14ecbfee146104d8,3337,sao paulo,SP
82dd196b2b5b57785945aa2f471a35f9,150d2217d7f67951f850be5a7443991b,56380,santa maria da boa vista,PE
cd4e634c58edf9148d05231458140fb6,1ea622900e01800560a43bf44dd98a80,75913,rio verde,GO
6ed21f859629b6586b9b7e8fe98653e6,57799a14cfd9854e5019133bc8747e68,5018,sao paulo,SP
e1b2d840883b2b226dfba263ebdbfed5,f2ed0b553f9663247741bc9f2e36efb1,22011,rio de janeiro,RJ
be86627bd51be1f543e75f01a3c89acd,593cb774409e5239a1946d1c88e0813d,87045,maringa,PR
138bb7818dbfc8690e61b143265e7ec9,690e4f9377603c9fc80f355f79f3e42d,63195,altaneira,CE
69b9c50c3e920a5ff0fab8e65b4dbaff,bfdc5f3e29b7de8e04428d6369193802,80050,curitiba,PR
e8485a5f227526d51e565b4d02cfef67,bf8ca00c5d6afc2c630663d2fb399552,9351,maua,SP
3bab702f05af85ee30fa407ed58b70f9,efdcdf4a6c291b560ff2f9176ac511cf,35701,sete lagoas,MG
c4f7b469a14eb388cb8284c6228c17fd,c5a4f43cbaec086210cc75587ecabfe9,33913,ribeirao das neves,MG
85e5ae9b7c9b84a5c2939086011e1f76,1e8a97df3746751676f7f65e4748ae3c,80420,curitiba,PR
00d97ddbc2cafa83bc2412d11da98d88,10e640a7ba92ae8164a1f2adba8bf44c,13650,santa cruz das palmeiras,SP
df61d60f81e02f1c9360b1dce03778f1,8766df3f3ea9f1601c1f8ffade2f5417,29120,vila velha,ES
465ad6320083538da0108d17efef1988,74402a7740ee6989f349d7e491be8a68,29162,serra,ES
a59b412d844d8ee85fe937ea21ec7c16,4324608f0fb4b7580feabbca205480bb,11030,santos,SP
5f6bf39c32d968a0d4973f5172135f0a,30274cfdf55a86a2825c5c8e18a6262c,84600,uniao da vitoria,PR
ebe869e29b2fac730ab9d529fc2f8c17,a59c5e472440338d288f514777689867,95800,venancio aires,RS
228ab556af13cc8f7b268b09008b87f3,726d126a8690a7082d2cfc100c0072b6,81670,curitiba,PR
fa689a2e5dd5f3a3745cf1158e586c18,08f041f800243ff79ecdea1d75f58519,8673,suzano,SP
4f1e6c4e24277aeb870b2314b86224d9,37e388e4c186feb07a22d17f9a4d56f3,7241,guarulhos,SP
faf87906fb8802a80785bb04380c7608,46c39f459f31460d361db4ccc6d6fa52,83706,araucaria,PR
c3537eef72f2b883b3cbc75b1b9480b5,f6b24980bbfdc9bd9420a481a20f5f64,8190,sao paulo,SP
733c183c3f9284e9e1f4886214f1b376,07212b6b20c842faac31170b9dfd66e6,37690,sapucai-mirim,MG
6f6e6dbb9f7ed1d2df0645ada4f39565,7a1e2d8f00a9a9bc9941c2798fd1d3d8,17026,bauru,SP
b206d6bd13d979abe18b116225e551d2,0880913b39e936f30515d7f65f0a8f34,28911,cabo frio,RJ
bfa36949d512d454d7b70146ecc863a4,7041fc1bc59f83554608a67e0dad47b0,45820,eunapolis,BA
5d25ae663725ff1ead4d0f72da228aa5,815e951e0c7428149f938451582c7bae,4937,sao paulo,SP
2e668121ef0668b3acd48b081aeca131,2193e4ab01b6fa3e74f72f2a4ab26690,74280,goiania,GO
b967238a0fe0ef52fdd75b99f50ffde9,7ca367c0358b78e05050cdcd1c38b91b,39930,jacinto,MG
0572b0398e8e296548ecc2ab61f79934,359529c96224e12f1b74d573e332398d,66070,belem,PA
d197a95f50264651f6bfda48051ff614,114903a9f147091c3040d8f987653aba,8830,mogi das cruzes,SP
d3780cde743cdf0aaab988d388b0e38c,7ae18967071367c8cb1bf5d871a9feb5,4537,sao paulo,SP
f90456a4a362936bedfe4f2aac7448eb,8f63f0c16f3c4903073e8b3814feab0d,23064,rio de janeiro,RJ
f3fc8d82cce28672798c9eb59ee15250,3467e97ab367cc77d54f3b94ce52a801,31525,belo horizonte,MG
040998babd9231bd6c86f6e85707fa5e,0ff6bebd4c4327455d347885e2697876,11440,guaruja,SP
6049d21011689c1e6dc8978c25a3d4b4,55e3628de0f0fc02c8cd3eb79de3b739,58860,paulista,PB
29c37f46cdc35fd09806f6a826079c47,0349c4f5811eb0c1f2a56f459cbd962f,57100,rio largo,AL
577c74c217aca976789bb195b3f57b20,5df965623d1660997481fff0d480e70b,2223,sao paulo,SP
72c845f0388f7f571639e5bea61a061a,e4ee1aae54254348f5712bf41152bc20,71015,brasilia,DF
57a3f8414e6e936ee0d8026db6f83715,f1e656bf22735f8b1ba541d4890e1763,22725,rio de janeiro,RJ
a8b3d541a07fa18f40425defa788532a,32487d3d5098e884a1c85ce855234fb3,18117,votorantim,SP
047965eae6564b51ea05b945966ec595,fa09d685759fe05a524c8563253344f3,45600,itabuna,BA
87ca5da35d1391b71529cd0203f45f26,39221ea014de9b3dfe3c6609eb6c6ff7,4111,sao paulo,SP
07e64b2722ddec4df9b603e96def8ede,b62b78d2b2557632f9fcaadd5d7c27b5,13510,santa gertrudes,SP
e07ceb7f54b6fd99d3443aaf50c6dd9e,613cde4b9d685746b0d482a4ed39ed02,4362,sao paulo,SP
fde364048c977271b875791b44442197,4fe7f83190e3618139dfbf5658172bf3,9791,sao bernardo do campo,SP
32d8612ba54469b3b09b5c9c37accaf4,3025f1fe377a9ee7443a15d1c3b8d50b,16800,mirandopolis,SP
17ace424038c433ea0cbcb88de1eaeb9,ecb7c122cb9faf3c3441d9ce1b5dd2eb,88301,itajai,SC
03959f8a4aa2ffd6c471d797b3e95055,b9f8839c38cfc321ce5b3d3553787ff7,36500,uba,MG
6cc1f451fe942a13aec5fb3487b8ad1a,9714af00765493b78e2def2dba52cdae,4080,sao paulo,SP
4105eb02085967932bed76c39d8153a0,ee8602ef403d6835792a531091c924aa,68380,sao felix do xingu,PA
c863c811a63c25c93715a68f6df28ac3,854a3c898518d0d9b3501cda7b1894f8,26521,nilopolis,RJ
c80e048ea4382bc53e00921d38632175,ae74c314b9c383e5d7bcd99d54ffbc71,14093,ribeirao preto,SP
67ec51af7454dc3c8a271b5d9d80644e,0e52738954708662c0a58b74fe60347b,6826,embu das artes,SP
5d582f1e23008801810225562c7cc50c,939caa92993d9e0c743a19ef572d0da9,38408,uberlandia,MG
0d3fd248b9091835bed29763f4eca9b8,468594b34a196118b704963bacd30529,88110,sao jose,SC
fe19d605ec598aaf242f390f67ffbde3,b7555ea31444bc82b8d0b2b813964502,14027,ribeirao preto,SP
1cf722ec2d1f484c35c1ecfe752b263d,ed8d3a85dcebf694f8dde843f3cef35a,93032,sao leopoldo,RS
75cf84d6780222c5fa6285b1a93532cc,afe9d6d9c6f3392215b71f8b2b0c11a7,30770,belo horizonte,MG
e68de27b72357e93a5edbf9068812f9c,b29e4b51682d4ed20d84d03fdc4d0a8e,27215,volta redonda,RJ
2eaf0dcbad09cb8f3cda5350c069ea2d,fd9ec1edc24c8e14a0ec6d43a4a784e2,9656,sao bernardo do campo,SP
fc40066121281a5e32c5a0403292869b,7b9c0afaa8e86c5acea60409af9c5ab8,22421,rio de janeiro,RJ
012938ae26ceaa758b735826636366f8,b9b7a03c01ed2bd7b09072f575faaad1,8490,sao paulo,SP
568f8c7d0e1e623a8dae413108936afb,9b3ab71077376f54d42b134cd15a55ee,41760,salvador,BA
55542e8fcf627ac213a34c15ad1632a7,65a3525318158c0b3f6f83eac306cc6c,13568,sao carlos,SP
0d37f2be8271c870f6bceb81e37eb46c,672a4671f579a2af1825f6a0878adb79,39400,montes claros,MG
572b683cea71aeb651b0429d41d15009,41517b30c9379c6bef376702f93e8de8,21012,rio de janeiro,RJ
c8ea458f86241a133acb4d7ebad9a915,5870c4e1e8e03302e250f15c8b824305,65071,sao luis,MA
ca150f7080297fcc2977fc1bd5fa2bf1,6ad7f988a8d4cf14bc53155dcebc30ac,1544,sao paulo,SP
6f57e98447337541f81aecf5335ed124,b09fd428208d9ec8da7a41bd1debcc0e,22290,rio de janeiro,RJ
9773fbe7cf7d4d5ede531b9b71f3332e,3c7fbfe2e81205c52478e02ba3703a73,74150,goiania,GO
e93a01a8ad2d943db17fa596e51d93cc,649c3c31116502b2c532c0a4e5a339e9,35010,governador valadares,MG
202234d67b3c6de086dee7ed4bf9c1ef,69ed598d504f75fcf7d08ac74a1c325f,2977,sao paulo,SP
6ad1ab20e1583a1e1d20961b363df092,3f81a7afc0532976d0e0f41b20adf2b0,15054,sao jose do rio preto,SP
5c6a67fc3400c83c6a6e92fdba6600f6,adbeeb0257c8460ca7f66b04857121fd,37800,guaxupe,MG
6b5d84c6bcb4a5d3df4dcac1f4220140,6665cb7b0e68f39df7e6d42b866a072c,93265,esteio,RS
dd366840d2ab4e9287b864bd051196ed,aea223346a5f80ca5f8c6f5a1a4e5e78,34590,sabara,MG
a8356b1d42075858ff3c9b3a95e11190,519c503fa8cec8c30691b824e58a71af,78365,sapezal,MT
87ebe28d6ac91b1fdc8c272f17d069c1,8ff91c068769286ee5d733e37f83b61d,88037,florianopolis,SC
02a0454551d656a33ab2526c52216dc5,99d4af8bf7acfee2e4ab6b8c48d652b1,4551,sao paulo,SP
ab4e4f11610404b4184fb812e47bb0ed,0bd4d2600b49eb951489ebc82723a4e6,65930,acailandia,MA
457e255722e958032b50ff72dd15a4e0,dc87b4f4f0af2ecaa16efb92ca1d34fb,41770,salvador,BA
b1d878bd985be25da3e8661e49f79319,c19b3f0be6cbec152296b8383a971ffb,9111,santo andre,SP
a585bc2d80028318b3edc2347f3c4277,7756cb6ccd8ec23eaaf953f9bd9bc958,5353,sao paulo,SP
ab330800338fa26477bf10f6773f538b,caa255455779e909e6bb234b2a88ecc7,1307,sao paulo,SP
cc8b1556b283b7fcc7b5ae2106a99eee,f7e99a73ba3a60facb544bd69ed7c41a,22071,rio de janeiro,RJ
c4294894c16e414384e2ecfa9c70206a,d11ed99698ed346d3be631912dd7712e,12031,taubate,SP
54a636900ab95a176a1c2d46290608e4,15fc5d8f3858da7a686a4f18230fda43,7261,guarulhos,SP
d34d8be2d14d57f7e03555eb3cb3d956,8fb378ace44dd19b424f3783eae75661,9810,sao bernardo do campo,SP
5fee1b2849ca2ad8d845cdb451b6f548,ab4d9d11f3eb0285fafb15e374a73b7a,84062,ponta grossa,PR
f2f5754aa54743f8b50ad65876ebffc7,8cf1bdf074a4a6e5fc61800a219dfb08,14090,ribeirao preto,SP
a0cd4bd67fe4b4ce0a75fc0e5defebf8,dc2060f2771ddbcf103a8267d198a88a,7727,caieiras,SP
9de4d816d8f902680ce581950b0a7eb7,35081d48d94ad78947524b80e4d869e2,14340,brodowski,SP
cdd33d0b02c81a178d88dfbc1ed9f0af,13df7eb64b9577ce07a5e767e24bbe64,65076,sao luis,MA
85656b4b0f9caf3178455f3abff2b142,e0c99ffdcd8891130985ac90cd2d8eec,35530,claudio,MG
5032ecd958a19df06ff0623d8ef712a1,fe6a76c801bc48ef40ee03170832f416,13720,sao jose do rio pardo,SP
dc568c24cf5f6ba6691a0514893967af,502560a6fd69bb140e01b0feb5eb0b61,72814,luziania,GO
97664c4def96cf5c56c4cfc28c5062cf,8d2bd90836fecb71f7746d84bb1c54bb,4833,sao paulo,SP
78b3ea1b4db59453eb9231249c2f0d67,2a3db31230ad9d133b382aff019cf148,90040,porto alegre,RS
256af5f66a15afc03fb926c9bba1a671,4cbdc0f2029c78a012c400623a82e55f,55565,sao jose da coroa grande,PE
0bd6589cc150d21213487c73a45b7d3f,2ad3fd1a4a4c8dd70d848f625b27f4ed,90480,porto alegre,RS
02852e252d0c1cd7bd7e2a33558963c6,9a1d3ed366221e01cb6bc9252fee220b,5797,sao paulo,SP
7a23160efef64877f74d3cf251232702,4fbfc7dbc329c494d68d47b9780604fd,3446,sao paulo,SP
0f839c22264d2e9fb3d4b6a650daf524,02fc5276df6dd1ff4901e5eb9efdbb92,28300,itaperuna,RJ
59168d27c5da6a50e3d1f03d482e80b2,393c2ace23a135d0bcc7e70167448e16,47800,barreiras,BA
a06fb9edb900bd169bfc40b348821ae4,dc07569e18bd58e56458fee7f50838a3,98700,ijui,RS
eaa860ad37779a36680e93d7d2b8b040,3d528b069707b3464a19fd937fc9f06c,75257,senador canedo,GO
c6ed2d5ce85536b556812f7679cf4658,0d089f131fe082d4654d095e6faab24d,83404,colombo,PR
5397164e3d29e792856b4e9e8d80a69f,92788f6a2a822c9e4f864efb27060ad9,18610,botucatu,SP
4ba02b06cb8d9a5be5e34902fe02eb62,e81d500c869aff794ce78f4df24ee946,28960,iguaba grande,RJ
83fc8ba0daca8fd0ec1524c52e5c40e0,4849a05adbbdba9197030df910caf205,13142,paulinia,SP
c769d261fe94fe9791db6a2ec569efd9,8ef940c8c63e85e9e2fd65f7e8b6581c,11045,santos,SP
0d0e3b7a26309a5bd600231c1c103d44,e501f5b443ca67268a4811dbc206e06f,32665,betim,MG
46eb0a46c1f4b94323047849aa20e7d6,0b63b24d8169708a441e38f95f44f3ff,9520,sao caetano do sul,SP
e558a99543d50f390898597de98fd6a9,4d9ae06c9cc798078c91f16e1842f7ca,15075,sao jose do rio preto,SP
7efa7ba622dbdc7eaa7a51b93203e9e8,38661d5602cb078419f411b65e3bdce1,27542,resende,RJ
38a82a516c3ba8e40fa79b580d9855cb,9a09a09e29cdb2fa881135c84b67e523,13140,paulinia,SP
db0515d79eb9bc8b1244b6acb3a338ea,c6269bc0d501060291945fe5405d23b3,72241,brasilia,DF
3a505956060a57454bb85ec3b62faa9b,8dffa3165d189110cdbe104f7f948f1f,30335,belo horizonte,MG
f23ac6d166535aa8bda1167c6384951d,1a224a54793429260e63146ddaa7a036,83601,campo largo,PR
502de0f9e9835ab231c2851acd163376,6d004368588f6fee399cff4bfd5bf7eb,6806,embu das artes,SP
45b25874ff6ec2e66c207386ac05c802,e1b278ac98136ff6294baa3da174eaf8,1419,sao paulo,SP
d16d0af538e904235b4e054ac80bbf91,c83c41456526926a16e2f95d3652b6d3,29216,guarapari,ES
14e7c1d95f38ad5a830549879bd81a50,701fa3d5fa532fe11148b9bfc56d964b,49200,estancia,SE
39b99beee67aed8ae9553366b6f79de5,dfa91a18c3571d25de69331bd046ac6a,6462,barueri,SP
7ad350082deddef39b254d465520be10,99a96012654d7b17b5f0b07d39a98327,89820,xanxere,SC
4a068788cb64b9a1e8a4fd2502ee19db,0e99adb68574d4968821814b9610ec23,60115,fortaleza,CE
63c87c47825c57a0d05099f814831e9e,dab089fa65bb034be33093c57a1d4378,6253,osasco,SP
0a8bbe8223edbb48f6525d97ee1b1d7d,e5f79a6107cfa4b9f6282c13a61e2604,8021,sao paulo,SP
e0fcf37333b29f0b97e8af045f8efb52,d21f78bff331ce1fe009f3ac67fdca4d,2377,sao paulo,SP
0d6f688455ee919c000970e75b257731,4b9d5d97bd2fe143891cf91ac7ca1116,35701,sete lagoas,MG
04d5e61e7fce0006c484f168e0b7bfdc,561ba7daca078167a3ac0a89afaf419f,12620,piquete,SP
559bf7f8a3667fd2f4d0e4fd701d1678,2693c09b2bd4159a59c216c4114c1e19,6766,taboao da serra,SP
158f500dc97199224f2b80572814646f,d3bbebdc135a43b1055c64b99fca7e53,4734,sao paulo,SP
b39cc466a30b1b0b60c6a3e311ce255f,3b04d5394d524951c5f8ede44023ddea,20943,rio de janeiro,RJ
679b6663d92f901171c7d9544094fbc3,853b15909ca8a525785005a333a41d9c,17022,bauru,SP
efcc714754000a32cf586adddc9fcbe7,9595d986b5aa9bbd6649ac5d7f058f48,5017,sao paulo,SP
e908b924226c39f055d910e21acdef87,91b8e44f51338493ba6f0d70a0f8fd8d,71692,brasilia,DF
4fc9e35cc1c1237488346652e2487231,5eb539db8bad2407b71782f1d55a4826,31573,belo horizonte,MG
7162b072ae82b7b6161abea798d5909b,4e91b84bd3941d31daa28a76c53e9f0c,4551,sao paulo,SP
4c05603dd6bd8a1afa59f2684620ffd4,021109bdb16fa17c2463cab87da314f3,13024,campinas,SP
c64e6cd99ad2fafbb731fb38d4f17ca6,eae0a83d752b1dd32697e0e7b4221656,48410,cicero dantas,BA
8ce5a8335c77debad7537ff999efeb8e,92c6a8e312c4323a536b0775c339af22,12940,atibaia,SP
73c9d97f890b683d4d6b69781918dd9c,0d7ec9878ebe4e77c961f11487598826,84550,reboucas,PR
f3f04ca677b9e1062c2a5fad64c046cf,3a50452c8f7d9cf9f50633cead7e3c9b,89264,jaragua do sul,SC
46a2b8ea7034da1afc0b9999cd33d679,5fcce9584c278b76076b93720089b546,3361,sao paulo,SP
4cf07d342b8b351f1203c36146dd792f,e3af747ef43dd03df11012e3511b0361,74780,goiania,GO
deb7123f2e2f5e7e0997e3af67d058d0,7387cda312de9273ab3abdb5d5693709,5010,sao paulo,SP
950068271820c29cafe329a8ac678b9d,f800f4fee308e83d575f98917229bc6b,15360,sud mennucci,SP
1e668e04c39d29cce6958efd37f2d56f,951646fecdd2dbc03a3d11cf0f676347,13040,campinas,SP
6367c0ca26953cf2b4ea34ba53295dc9,f3bfb60ca5b2f042743d6bfa40d14841,87060,maringa,PR
ba0ff1667f88b3a0da55d80dff50b0fb,68ca4469a590f62a686d835f07f91f67,28611,nova friburgo,RJ
2631e2a4ff33ee8258502ceeee2390ab,7f08b4688079c09958515e0f8d242ae8,17018,bauru,SP
6bb04633db5504037783390c2aac8a37,cc27b552c1d0c33dc74ab4e926b7006c,37190,tres pontas,MG
d1aa5ebfc5c16caf331b1f4a1788b998,440678e8d565a7d5ddf192711617cf50,5588,sao paulo,SP
18c600236647ceb2919a8f9adc3ab76f,aaf8ccf74ee72454c5aa4bc971db41ab,13970,itapira,SP
95d2bac8c1d115b9c5291fba7b9186aa,9ff7135aea0637eaa06824d25db0741b,25884,piao,RJ
1cbe9451567408725b5ab9c1b6f848eb,c2b85086965c0fed46df434ddd474a9a,41152,salvador,BA
c681ee0e01f73086435bbcc30cc1dc6f,c36acb527b8f2c464abd036b879f4ec8,20250,rio de janeiro,RJ
0f9fc4ae62bfcdbcf167260cbf33695e,a75acaa5bea6b145d38821199b1c8edc,93700,campo bom,RS
99412ff66eabe1042d6ee2f1672929fb,98502f9ae87ea23c7973845fe96286ce,4844,sao paulo,SP
45d711af86c5e3676f29317484cf200f,a29a1fd1c852c4dce3dabbe1f7820d14,14406,franca,SP
3a9c4e44b0cfe2c46d1aaa0a035aa6fb,8b41eed2e22e54cb762287029ced230b,4511,sao paulo,SP
7ef43c3eb0d94e1f5e0a49b2f3bc34a9,8405f731b36baec7dfc9501225f9b117,3034,sao paulo,SP
059f7fc5719c7da6cbafe370971a8d70,d0ff1a7468fcc46b8fc658ab35d2a12c,13186,hortolandia,SP
3fc34478cb8f0427d63b362dfad74f51,39406d5888ebe67839dc26b348c0d12f,36050,juiz de fora,MG
540b9cf91ccba6db4e12ffb269c5a2c0,20d87b86d8f0645f20c1f14d25bdcc78,97300,sao gabriel,RS
6982d29c7336cb81ba41937fbf3660b1,d132b863416f85f2abb1a988ca05dd12,9111,santo andre,SP
63fe2f57f250fb9bf39a4180e871c24b,ba3dac9f9a3b7b117211a36739e40722,7060,guarulhos,SP
7e82568d445c615359d582ec7852d3b6,57714ca1784d22630b2a7b52627c4b94,18950,ipaussu,SP
6441eb0c7137d32b8796372cda922818,481060b29de0e9b3d7f4b2991cfb0767,14600,sao joaquim da barra,SP
c7e79ac0034b4accdb78aa403ba6f68c,8dd4b0771b20160bde2b4fb598c3f554,29338,itaipava,ES
7185fdbf483003e78b65e2571d89976f,c012dc15bf0773671a901e6b6e032c95,56328,petrolina,PE
758b633d88b82063db189810084f4ea9,4b3207464f5f7a48a7f63fa0b1251d86,14025,ribeirao preto,SP
894337b29433786ec770ef5bf5475cba,872cc08a1ec02f94f728a1eccfa7a80b,9290,santo andre,SP
f9cad966a31db0ddfba78dfc680b1abb,8ea990b386a49864dfaeb836a9e195fa,13283,vinhedo,SP
86dd58b3189747a15712e95a52fb7946,0e922f6fc526a5e89ae5b96df681a792,6730,vargem grande paulista,SP
91ab603eecd2116962f5f9c2d61e9c4c,2a6eb49c4cd1fe413141297089a4545e,4080,sao paulo,SP
397010ff25567bfea9f77fb921c4d90f,8f57542916bc546e32ae566f90301036,74986,aparecida de goiania,GO
8c2c2843abb880842d1b6bd2fccab395,7c5d1cbb0257bcd089a2c229efd0c356,4251,sao paulo,SP
8e3b1bf0cf223b37529be8d1e951e0a6,9b4eb1f9f270b301f8d4b2a4eb076017,36970,manhumirim,MG
9b6de7a8f933729d506499252e96e884,59af340efbf4f7183fe7f92d11d6c7dc,93025,sao leopoldo,RS
d80cf26503d6c62c4f520e54a88f713b,98d557ca7b00a077f04a9fd41cbd9863,95020,caxias do sul,RS
371d4dbc5b397a2d011aeeba1580f194,92ebe191297a15dbd82c79561d5e1bdc,7171,guarulhos,SP
2003c2365837ed9b6c7e6ec2780797b3,755bd86af4572db680ae4004e152298a,20530,rio de janeiro,RJ
034a67c9a4d321daf61515903eb02063,bbb8c5b1f2649b6d5f1c37ebc9a1a41e,32041,contagem,MG
8ce2db78e5141c5ffd612b96da4043b9,345953f3eecf4fc3073f08372dcc6896,70670,brasilia,DF
9376b063a94c859dc0ac58fadcb15902,e5ef6ccda2a58a5e757397c302f45da6,6288,osasco,SP
ddc305318969c71969b82bd97a1d1560,af12ef07bc82c2f958bb5b12384be27e,3591,sao paulo,SP
61c245c5ac166a54e51ae198d45aaaaf,327f5cae22a348fe459126be75f1814f,4177,sao paulo,SP
6448c12f349af04cc3598f3d5672bca4,c745b63e62dd4ade45d673b2ebb54160,14940,ibitinga,SP
61ffaa693fd37373d7d5e2799cc9c90a,e21614b8b57fb38f71d8548468271a7c,6768,taboao da serra,SP
26e3ce042e5bddb58911af13ca03b165,e5c6d5e98f3bd80987b6248a9aed517a,9280,santo andre,SP
644ae863876b9e39b3a43d8672980962,22035e352538b10d3335968ebc3280f1,14600,sao joaquim da barra,SP
769689473aa6afe55f558d59cf032564,e4358ccf35d84b13c3c9be8535ebd6f4,12020,taubate,SP
59f8f1c3c80bd5f4c57ffbcb291c0307,778245e76882be06eb951d90c0927bf1,6170,osasco,SP
327950402467e8f955ccce468c81a566,81e260288b8f6969e6ee5d5dfa7284bd,88490,paulo lopes,SC
41a16488effb86580d7a89f8aa19a03b,1b6c7548a2a1f9037c1fd3ddfed95f33,38301,ituiutaba,MG
e4e4549de3fcdc34ca36d2c96f85321e,9ad4dda4f07ffe69cea5cb32bcd1d650,4863,sao paulo,SP
e28087daa16ea2d4ef377fd789af20b4,25799bf6b79e82c19bd6d590c02cf821,13208,jundiai,SP
9e1d60f744e20177e6c2b1062af5c97c,47819e2fe2feece1eaa798f2c2398221,88339,balneario camboriu,SC
d8d10d6a6b386cd6bb3b70190511f3fe,9d548607aaf242f7c925bef5c5a27abb,26525,nilopolis,RJ
821ed4f4420cc9916a15dc29515ec0de,9f912c05f9ec0c0473f8ed1da2bbe37a,18520,cerquilho,SP
628fc0c76ede71d2eb3890f876ec85b1,6843a7c5d293e73ab7f65351bdd0c7a2,2855,sao paulo,SP
eb46549d630eae747fd8771f202bc1fe,4b83f8eb0d4d579e20d192dec4d8480e,37640,extrema,MG
b2f83ff904c51add8370e2d197734831,d69dbf84baa61962fbfdbc989121df61,4048,sao paulo,SP
4d17e331060256334f7306addefb7915,6d85580d7ff22f593be2982eee3c3c74,22753,rio de janeiro,RJ
eb03682e1118b3af176b229932bfa8be,9553802042571deac62d5789ed18a241,95765,bom principio,RS
1c615574e183e74d030daedc373ba3ec,2ed9b176103984fde193c99a4e6c6d5f,89217,joinville,SC
be8e1d862fb63fadec701434deb1b148,bf244ab2ac8d4058e8b895effd305a8e,36087,juiz de fora,MG
db8d12f33acf6a08a434eda169d25106,ea201d395b28edab46f644127fbd34ac,15990,matao,SP
e5c49220ea97eddff8b1fbb594913a43,539a46fd0fe17b457ea27dacf709c406,20521,rio de janeiro,RJ
f0bb4efad51f4c443c8d80330dbb5bdb,7fffdbfdb2ad76e8b7e3555c6520e0eb,74020,goiania,GO
3e03d4153f402a107117e6eb0bab7ec8,eac46d144f4593759db4fd029f91f6cc,73251,brasilia,DF
fdfd1ab3c8bf25fea789cfac3e746e13,a80a048ab08d27168131328d4e2fde1c,13150,cosmopolis,SP
54537c7b19c52766510964c6173013f8,678e97828bd734ceee42ee5e60c5113f,90250,porto alegre,RS
f49404bab9efcd0823303fce9072098b,1944e8ce040fc5d1ed5892217f2511d0,65010,sao luis,MA
ce5adc4a6936d649dc3c0757303dba08,a3de27ee03b2524eaad00c76e9a54a15,41612,salvador,BA
f47f3a8480b7a19fad8c129983945370,d71e1d87ea05a759d69f770ac90f2fa9,5640,sao paulo,SP
900ba4df9838bd25ef994e0483fefb49,af5454198a97379394cacf676e1e96cb,11900,registro,SP
2b94cee0db01f2f34aea7476d561c0a5,3f903ae26d5419e71b3eae9201f54c85,14020,ribeirao preto,SP
38955481fd51ffe551f17d2efdeaf43b,f31ac54af6af7097bddd1053011e7a3a,96065,pelotas,RS
d2d0c24e073cb688382000972536c1e2,996fdddf8cd5bbb99b221fcaf5ba1359,60712,fortaleza,CE
0d411936b4da908edc171b0ab99589c5,9e10a42bf2dbabb0454ee38fb1baf890,57041,maceio,AL
c329b3a16b13d583e13daa8a840f7193,4eb193b848f56f3ca62cc044b1668597,13940,aguas de lindoia,SP
80c0276f1c674e7b026d5a39799afaa4,271d3cdd872021b1b6669ad93e8b856b,6317,carapicuiba,SP
e277b8e4745cacd511e18bd6d7686227,cbdb4e89c4cc2233a6810399ccf28619,26011,nova iguacu,RJ
dfea71c7e09469934ffa20c38024d275,2d0d003e67fb56299e829ad77cb69c65,23860,mangaratiba,RJ
b80ecede4483f7ca92378b5b0903bb6e,aa69091f4d619f53b251229ddc31aa8e,3590,sao paulo,SP
5512f32e517ea091e4410f66504dad30,b6355d59bb57a76bd02e96578c5bd407,9781,sao bernardo do campo,SP
f61ea035ede911fc92ac92b1311f3a48,23c637933aa0f8be0eb5df133b8fec6b,88960,sombrio,SC
6164f45c309a294c6835a4c8dd5ab0a4,ad6780efb9500f433294fb26028a2477,57720,pindoba,AL
e450a297a7bc6839ceb0cf1a2377fa02,7a22d14aa3c3599238509ddca4b93b01,5863,sao paulo,SP
0c21e6ca6ea55cba835f883bb68350c8,0f5a5218812ded0d641b87f580c47ca9,88037,florianopolis,SC
35b6010ad8b185e27365ae8366cbb76d,e31b80f478df67bee358c8d799deeef7,71805,brasilia,DF
456e88746e116393262f6be40a43224f,09cded817b88ca304de62d710a1b6b51,44350,governador mangabeira,BA
9182ea36ab1a161d290631a23c642d56,03123d7e0e62ae71737f4ceafe399495,35162,ipatinga,MG
98c7401612b2e37d03037dc339d3ebc1,809cae6799909f9cd7c3e7cf6dea2193,7244,guarulhos,SP
ccab16a93f386fab2c64bdaf71cbe1e2,cfe81af64110c8dc0d10459aaf9e3864,2402,sao paulo,SP
6e9fcf097dd6735e0b0462052b83e936,50b4fe45b50d192527d816092338c348,9180,santo andre,SP
8037051ea7331452a186d6ce5ea75572,80636347f037db2d8e3cbe3b7a34c120,13715,itobi,SP
e815a1228ed484c069943e1fbcb2ec60,f928fe29999315b76b70e8a7306cea58,1252,sao paulo,SP
f9e600782b270dbc008106255da508dc,2bfe4d1c2efecab3c44f1133b716012b,13213,jundiai,SP
afd087e97215a023e1b25a1d3b820218,291d020953194db1b8578ff8d9959c62,16980,guaracai,SP
8912fc0c3bbf1e2fbf35819e21706718,9eae34bbd3a474ec5d07949ca7de67c0,68030,santarem,PA
b7f840ef94a2311ac205dce9a1aac7bc,49f5f0ccd8e9f10e878e57e046730888,9540,sao caetano do sul,SP
353aa71e2ad73b4ef96748be41c1b9e0,506269f55456aa4942ff046f924b17fb,38411,uberlandia,MG
02cb822eec8b6309e7ce715ccea3390d,88e435343ab7c7ef2f1d4a751a6c8a2b,4421,sao paulo,SP
05c3bc7f2c3c3a45c39595a46c76ad58,5114ebcaa15bc7f74dcd0bfe3acd1c86,58056,joao pessoa,PB
63f88c298f90fa0472a1c82af364fb5d,b78e0d82fdaed1ede44af275fab7a57b,35900,itabira,MG
5ffaff7ef372cb9be1247ef069f79fad,a8249b07f48892605834df727cc43620,12282,cacapava,SP
76dd2e33346ff360e5cf6da8211027fd,012216caf4f1082ba3fc02e584de9a29,4190,sao paulo,SP
b5b5184afc7e70a0ef42d21d2897c8eb,bc6514b5762cfa6194a371b54b767a32,17025,bauru,SP
f5ced6e0d7c20ef958cf5f9269f4287d,8bbcb3029b226dcac4373062433b52f3,21842,rio de janeiro,RJ
2dffab2135e36d25087cad94f4e559ab,82629037a1fd4821b8645ceae55845bd,58051,joao pessoa,PB
9317b2bdc9f6a30c2429e462dc672e06,ab2833d17fa6bccadb045eaf458e7e5e,11704,praia grande,SP
1e512c6eb672d5c4b47268752d86060b,3b927d7e51ae0a57e0f7e7efd12faf17,31010,belo horizonte,MG
8ef6bba5213cf13e716b0e72657c7118,55ac08310d6f70c69f92a78367dd8ff0,13506,rio claro,SP
7dcafa32c64ef39efef03ad0b46d5ac3,4d68c97404c88f8d110415d4a347d4a0,88036,florianopolis,SC
3ab8672a10d19fb9f15acf498badd19f,81fef29687c09ae8682508decf649a00,12995,pinhalzinho,SP
eeb1498af1ef1f5c9c612b6130298f66,0a767212322d4dfce26644bdd620d2ae,95840,triunfo,RS
d9b79c5c0367faa77e4be9cff715e36b,f17b1ad764b21ee284cab795b9d9d990,4001,sao paulo,SP
d1620e380ac9119df0c9af90121f7fd3,78ef40bbcc1da6661e3096262aae9863,20560,rio de janeiro,RJ
6e62287af5611e444bfec7acf45c8476,e9ffbd035ad1dac5ff0204abb377b73f,52020,recife,PE
1b5549f559bd802556906046b50d8ae1,999ad03a184223a54a2610f8ac482149,65076,sao luis,MA
73c5b90f781d271fe81aad2a4f3fdb09,88fa5cefa0ddcf019e8c75e50ae0c703,12282,cacapava,SP
c5f4ce605da5d44c9875033dec0fa326,06e4cab6db0ca51dd80a1c47aeda614b,8562,poa,SP
5ad8b0b80efc45a52eceb54775c616fc,f8bbcdb4bd053103052cd5501713e845,2404,sao paulo,SP
f19cfbd63ec9e260c89eaa4c2f732165,5d8cc6cb2ca52a05e8130e69edc35e71,13104,campinas,SP
382052b8a8ad938d68c48bf1685b9d67,a5f2802953857124426cc5c0bacd92fb,32470,mario campos,MG
dd2b7f0078263ec60c5bb1eee112e330,42e8e8fa2f1aea2811ec60c21e918648,81010,curitiba,PR
9c58d0e1a56386c34bf6fbfb2a2b9128,dce1dccc40ccc072df1896cd4591e746,88132,palhoca,SC
412cf6a277196304ae7644e7dd05471a,1090fe4c57ea2a018b442a61d09b3e95,29118,vila velha,ES
aab6715af29cd442f1bcf8978d1dc4db,e37a273600a0ced98e7e0f5ea5c934f9,4288,sao paulo,SP
a82ab31ed80aa76d075e466fdbceddb8,6fa85503209ad6e21d15c6b81a6eb304,4331,sao paulo,SP
d4d3ce7e6e51f287f5c2d896b0b07bae,e5f19a93cf85b13edc0376d90e4a0ba5,13311,itu,SP
0f6b9fcb5ee53a6b722144800723d9ca,284f44c1d48e069bf008552a4ab3b776,2402,sao paulo,SP
0fedbfc0e3ef4293dd80925871a788a7,3ebd4c11fb353b5ab557955f76f90205,29102,vila velha,ES
f72803d7329ae3529dd2dff0b97410cb,76fb756cd09ed11190000c25412a5985,52190,recife,PE
af3b1412013a9f8a5dd51d610427f847,2e2d56c7ec46904b382aee224a3e4bdb,4032,sao paulo,SP
03058eb4c0764d7c06ca841cd71ba6f1,d2931dde96daf36474fb9258d8db337a,18077,sorocaba,SP
fdfc52a03c18d8cef9aa5e39e9f18217,e6df49d59361c5f3ae92c0053feaad59,85505,pato branco,PR
80bbbe390ca6d4bbd1d21f50093e2a34,7a2dd18c0df7348c511f284197bf6811,74911,aparecida de goiania,GO
9d8c01aab0d2735a5331ed317166cbd0,a788c51b78552d0855cbdbbb9b445492,1411,sao paulo,SP
cc9e69978aa877c0442093a193254a67,855d32ca5e45bf54e4d88c29c65cea0b,13600,araras,SP
ad35def6d6e9fb6f4c678377fbf8843c,b6db71b4e9d0824120740ffab98ff697,4207,sao paulo,SP
44afa84249846c6f84c4cef6b933f9e4,366f58e52fd16bcd985e4bbce15405bf,21060,rio de janeiro,RJ
5caa22731be0c213512d14d62bbd1275,fa1ea6a8b8c6186ffa4e5e76d82d7c41,72210,brasilia,DF
4ca13991254732af64a40137aec89be0,a1cbaab4236d5ac6f71bcfc7fdc87d10,60841,fortaleza,CE
dd5fe640c8c5edd9fa2acdad4be7d4bd,ea056781435cd944b11951e72104f3cd,72260,brasilia,DF
db56963929040d06bd7bdb35d3f66883,f0b455e0ba8ae5c44f91438d043cb302,21351,rio de janeiro,RJ
db0072e38b76f443b261b1bedc0b1f99,9672859b65a3863580b284469dec2ada,72705,brasilia,DF
95c149336929694fcd5da2490558f63d,cbadd040c9a964d2ad5686a742c37992,2615,sao paulo,SP
c0b26a6527a4d597ef2e53f706d83439,1822f701194a679994d72eaab9ade8a0,30130,belo horizonte,MG
f827b1235c2146302af1327f4461957d,4da2181b308c5af16e4c18483cea5b48,91780,porto alegre,RS
1ef032b4ed8ab648ae7f436aa2c3216d,4857d6cf05554302bd9d6cb82b60739e,22011,rio de janeiro,RJ
ca689f1368cccb30e961e9c9a525fa21,580bdfa1af923325cd7880e32bb7e15e,9175,santo andre,SP
047c4f9e8ca120c41c8d4a61df722ea2,e2f8834d5843f8e622e4bff2a9498168,88495,garopaba,SC
b93db111b138592c3eea5e533f49e41e,b5b17a60619a0246c3ffcc70b44a49ff,24412,sao goncalo,RJ
a9e5f310be41efa00690d727bf672cab,3de7fd0b0d84bf1f9e653b8f00f175cf,50721,recife,PE
d81c2387e7b183f1a0b3f94a181fd859,24f0ca31b14f64abedc9b6fa93e9762c,24230,niteroi,RJ
4607f26eeadd0411d23ce49fa7f6c745,a9e4348b76f85861ada324e72dc92aca,78740,rondonopolis,MT
8defe1397196855efc5abc7f4a806bcb,4734fbf54dc311bb5593c823625133a5,98787,santa rosa,RS
c3225d954016edd53a5c08e01888dab0,3389bd29cfb0274ae06e92ea00ee6c2e,3476,sao paulo,SP
0fc8cc4e3ab31e83bb291698794e0175,0ecc403ec5d6ce000fd84f00cd5efb0a,7115,guarulhos,SP
beb421e885257679e07816ac5aa8bffb,58fd87b6b794fd7c2f3369068a0a3f5f,74912,aparecida de goiania,GO
9b019db873f6ac74abb726288163456d,5935068f0f9725d0106bd02cae7ce4c0,6900,embu-guacu,SP
88d9faee23bcd101ae15648770a10e88,fae9bd6c8ac1681e211b1fce5c4814af,30493,belo horizonte,MG
1fa70ec76b78a75a9d0127b26d5095b6,3109996d4fbd9ee195129df93d759a6c,4308,sao paulo,SP
8880f6287b06f77a5a03afbb32351be1,11a8eddbf65116648831aa5a01944c0d,29043,vitoria,ES
b37833a9166ac98f4ad7d6a92e1f97f2,40386918bff25787189628d04176f7bb,72880,cidade ocidental,GO
25908700aed5d5339aee809a5c3406cf,3800b1b4b7cce8d8ac9fc1ed9a521baa,4672,sao paulo,SP
adc6fbf06bb6d3f2e94e627158d44948,b41a96aea8ffccc6f4a5091c0db99ada,7150,guarulhos,SP
3277f6dc58d50bc3b50445bc977797a6,c7dacbbdd8c3c31ce825a3bfbd5fd8e7,41343,salvador,BA
892a57422d5ac192f783945dd2aadaeb,37e17edc107a2e3feecf9514f555b5c3,75903,rio verde,GO
700660b5eabe7b1914f0bde53b1f7d2d,d11c72d8810235e6c7059e32df540dcc,24445,sao goncalo,RJ
7795e422f21ee2057de57ef0212b4d7a,53b5f3ee447865c2de22e4814ef70bbe,74825,goiania,GO
a477a78d1d66bf544b48734476a03516,5fbcb26dd81500a1620e1b4f2f2dc55a,6767,taboao da serra,SP
7f7b5099d28accf45603fbc7a9fda452,086f85b4c326262b4fcaa419914c949a,28400,sao fidelis,RJ
e00cd6b2b1b0bd04a6813359a2698380,f0f09b122ea2b058f74e1e1b6d16554a,14050,ribeirao preto,SP
3517f8cb54ea9365c0af466376685f1f,1f01be0efb43b8e7c3dcb05b197fc83e,15650,estrela d oeste,SP
384a8d5643cc3e1a4fd8d72ee61c2016,f00426a35b9b06e09b61661c09b231a1,85812,cascavel,PR
588a6c2298f57752c9458dd79c675f36,b0bc6af493883ddf6e65a498f4f197d3,80035,curitiba,PR
2b626729e6d9c7d61d07f623c9602f2f,4490a55cc9a1f1d5a0998c23f8c18367,35162,ipatinga,MG
cc8d0dbf061c92f65ecad9e3966d9ce2,5cdefbe4c8da8530bc77b69f00f91453,14402,franca,SP
00f539ee95c97870a2a4f261a2d96ba4,ca17449b50589db8a44f96a187133bcf,35360,sao pedro dos ferros,MG
146136e6e527bf71e6341397154c0777,12e8e6fd5b6cfeea8e72ff735c2a1e29,3080,sao paulo,SP
13f575bc19cc3b10a37b3634ecfaf9b5,aab693a465f04c839a26cbe2826472af,4523,sao paulo,SP
f59a170a57d7888bb0757b74e7dc53d3,df1c003ed16d85d02c98e36c7c575246,92027,canoas,RS
154907344d231ce6f9e716b698c8c772,97981245c3257ea9b14befffd560177b,38408,uberlandia,MG
a652e8919a5a67adb8d78792fb01f0c5,b50e7d677ca5e714ce5c59e3426e85e3,27961,macae,RJ
490505ada88798841420c07dca1e4c39,553ad73e3267ba622039c309c8c477df,12234,sao jose dos campos,SP
8d3a27792cc0e752502649b2d277c90b,bd4f6b9e6439afd1f1bb39f8a08ce232,13343,indaiatuba,SP
4d5d0a06d01ebc9cfeeefb7201a8d312,bb4eb3edf0ddbba864bb65dec4d8db2e,66063,belem,PA
f3058b4aa542dc954401a9e11aada39f,b3a8a8097a47f8a79016a801b6b94dd2,36201,barbacena,MG
478a458191801f508d150b40e8dfa5cb,8f6f24e231716026c9264a26aa68cb5f,8536,ferraz de vasconcelos,SP
4a4f8033b4e440d8337404aa4086daaa,45a49210a8fc9c034271025d54d98c49,5878,sao paulo,SP
7beef6c0644f9402eba0252182e1b608,822fbb1c216c4619d704515b52494dd7,96211,rio grande,RS
4ffb336c1ec482582982fbbeaa7d94fc,1a5cce05d8d3f2a72731b747359ac9dc,35230,resplendor,MG
378645474a773554c43bd3bae5ae7ffa,ef665f631bc7ece13b08c8b6805fba73,13920,pedreira,SP
0879e009db1e47cc3e144dd67b38b4f2,34728d8e24570a2c5be957176d56f1af,37464,itanhandu,MG
e49f2a7ff5c2a15d3b599d50a7a77a91,d55b40b541be53be1afa3bf62f98d8ba,3112,sao paulo,SP
e1053f60223f6446d021fc034d81f5a3,a4b4827ae7bcc15149ae31e25fbe1f95,3043,sao paulo,SP
19d47f016965370c2d298172268390e8,db094faaa9628ba9f5e5da127407f139,79530,alcinopolis,MS
78f0a23ab766cbadc53402d12b7ae0a5,04fc5f7b626b7d8082d4a81ec33f8b83,13177,sumare,SP
396f0d7e58d965bbf8dc3d6c451b6ac9,cd8b5aa70e36da03df140f7a62637588,20720,rio de janeiro,RJ
0b00caf6f0d239c5bf7d9f992cae22d4,443ff1d55c98c47d9b5532cd4c693434,11930,pariquera-acu,SP
09becaeb993ca4d7a5c0ea6eb2afce30,07c0bb79a7ed118f2738817d8c2fb7b0,14027,ribeirao preto,SP
2b43f4b26a92cdc2e1b8caa8f70091a5,4f8cce1447c785e1b70e866daec425a1,36900,manhuacu,MG
77ab6ec3ef988005ffe95743990808ee,0db407af8c82bff70bd4c566345ffd88,37200,lavras,MG
40e86a3dad650ba87f73f66396ca34ef,325e19085f3017b73be3d9fd98a93301,32400,ibirite,MG
af20e4d9bc9c5a59eca2afb75030eb4a,8d174d46566bd4824dea80be4d00a2ce,27325,barra mansa,RJ
4283d1b5347631ecbabf42b4e91e9300,fab9e084899053bcd70c3d4c1a28c674,13050,campinas,SP
32d35b37495c90b91603ed706ff912d6,005ee3e015ec18092d7782e507cf68fe,69909,rio branco,AC
b6c89cb292299e574ed60db07369bfb4,3e81bb70f316a2fbfbc5291a0a537e76,13565,sao carlos,SP
0389344fcfa1b39110fe6943f8abcfad,c2676cdedacba0e3aed5312e06b9bdda,95180,farroupilha,RS
3c88b9a2b62754a92ad6715efb0f7ba6,96132ad82d42065fe83745227c96f313,29175,serra,ES
0b16ce67087d02bf833c807e82b1992b,76a08544f95591acec0d4c976054c459,47850,luis eduardo magalhaes,BA
1377de493eac3f735d982ffb1f321083,a3e15d29558f98562bae08c77650ddf5,13184,hortolandia,SP
b96e965aed0114174a389c1fa1b0bad1,fd2b82cf81dd79b66d1fdf331ae64a99,31330,belo horizonte,MG
99c41b47a60d71e2e8949ac2a805674e,67e19295a2a5765933fce1be6af7280d,11706,praia grande,SP
d7288a6538f2639b5916c4337eaebe09,78681ccd3cdd568237129b2e5509eb73,9627,sao bernardo do campo,SP
67b040308c4180844a54dea16ef1c5eb,9be5b995f1ace01deb236a6958ac3836,30626,belo horizonte,MG
6cb6246c85861518fed147189260bf00,ff9d6196f8a9419142b5a70a0dbf469d,38065,uberaba,MG
fbb704b2c1a3373c27c8a59d7d0d45f5,fb78b34d4270dcaba9234e86ee14e987,85550,coronel vivida,PR
f2d18f78afede737e736f6aef5282bd9,03ed0a57d01102b9a9bc725d1bd17831,24030,niteroi,RJ
5baf161a86ace9dd4f26c0183b4c99b5,f79b2ebd29ffe1d8d9b6f1dc7736ecdf,4855,sao paulo,SP
a02eee6f48bfed375050accadda3756f,495fe7ae31686381c8145b2936e761dc,21670,rio de janeiro,RJ
4ae3b1e0d62d3d1563a8b800d1c1d14e,a991e5304f81b9680f274e32f47db515,8030,sao paulo,SP
5cc51e6ea1924baaac699d04adb7f3f3,4cec463e3833669772b6d2efeb2aa058,4772,sao paulo,SP
9992dd6e05230ed6258a1e7fd24d34dc,756d6380300264d58952966c08edb1c5,22220,rio de janeiro,RJ
924d6470ea6beda5369225f276e6cd5b,3e97b557704c1cef1c550018b0349a16,62665,sao luis do curu,CE
ec6bd30783896fce1908161c537f69e2,db7ecd3849859458fdd70064fb9afa9a,30170,belo horizonte,MG
dd2e783f6686ebbe2c6872a310044dd3,f18f45534e927691de0a021ef58c576f,93700,campo bom,RS
d78521153aeb150f08bf0ddb3cfcba84,35ea3181ac054386b2ae83b29bef9b20,4720,sao paulo,SP
db59c47f100c554beb2fdf19d892b32a,52f8542252b5cc4028e9d6df45944bc5,5716,sao paulo,SP
6f9e18a3cff69372da26f5ca639eadb6,903fb9f0bee620622b1bdb4ab77c1ed5,40330,salvador,BA
d5fcef627cc1c204baa4449ec165a48d,2c2c02e654d903debe68668bab307b9f,88850,forquilhinha,SC
6b880c481ee7db0c31143fe7cbf8a3fc,ae596023401b20ac95d2ed2af48e5e5a,95535,terra de areia,RS
cfec05b8c098a72ba2db50395843abdb,d8207d7cb28c86f2ccad85df4ed42dc6,83750,lapa,PR
8dea975d24eb60b0de4af2e1c8488944,f83b33ff66a134466c0362788e45abfb,31660,belo horizonte,MG
11b404d7080235f5ff52a1c38deb5a98,562dc4d7d8e2434726725aeca74da6e6,22451,rio de janeiro,RJ
4b7cc6a668f938434efccce03496ea7c,1306eafdc870ba8962c7a883bacc081b,98700,ijui,RS
3b8655cca1d71775f761b6fa2b2bf468,eb04c883601bb02d2f85f2f9328af2e6,90251,porto alegre,RS
405bdbf40a8beb8cf3492e96a2f9573c,1ba255b2d2cb8619aaf4cebb847a6d2e,19400,presidente venceslau,SP
7ede505a783065ff4f578ce431c6f297,406320e6ebec9d9f83e8245417447221,51270,recife,PE
2726ee187e4908c9683ac2a8a0424af1,f28cab5ad7d6c9b05e6cc9c310761968,27285,volta redonda,RJ
ad0ef39a2494d469bcb348a4273ca27f,714d85f230f312ab9319f204259afbc2,39705,sao joao evangelista,MG
f777873517b1bf70c51a2950e513acf6,61a38a6a1607826fe1e81350a1121fca,28895,rio das ostras,RJ
9298e21b96ed98849264062a27a76c63,2e88baab9c2ef8e9e915a90d0c7fb5ae,15530,cosmorama,SP
2b99e152f2351410951c503a2f6a2d7e,a8797524cfb4b5c6f1f780cd11d51739,35865,dom joaquim,MG
c44422babe212ae76af23f84780bde04,034b3849378ccec7dded6218ea95778d,60455,fortaleza,CE
d134fb2706c33e5677f2f9995014dae4,4632dbad4b2e181ac7ae9aff0118a80f,4261,sao paulo,SP
67546a73c9ca51d064c316a7fb0c7c05,9c39d6d5e336ed687d88a118c77a9dd1,68903,macapa,AP
24028518ee858cc4f850f074cbfe803c,2cbd0beb1dd4199ac66be37f3a4421dc,78450,nova mutum,MT
2aff9d1d67db8b6940220d901a107eae,dce9116386e619573e33d72610450e03,35720,matozinhos,MG
3026909b7b21888a53f87fbc65ae6e5f,9edaf57220c299ea3dbc4738889076ad,30441,belo horizonte,MG
a42fce0a9fe2e8ba2f7b2b0dbaa4b626,e66c9fc4d25d56edae6c24853f718922,41810,salvador,BA
4a87a0eb95dfb921f88334b7873d9410,a0c2e84d8ac83733cbbc70f0eaad7b90,24901,marica,RJ
89fe1107a7a7a8e70a256454d3da5335,cd8b7fb73501d01b71552fa7dd310083,5415,sao paulo,SP
f9875f2f61afb20ddd28aaa120620dd8,0f165a728ed0815c4b3c9edf6e542c3e,16204,birigui,SP
272aac5797624f4ea0d5a2c2003bc5c3,d983c7f255482c26ef540711c23d6ac6,28623,nova friburgo,RJ
f11a663853dc243e55733d1fb954a8e3,132820060c20dcac4bcafeeae8713481,39580,francisco sa,MG
babed1605e2a7a9f20d4038f6d527ed5,c199fe993b9572597831faec50e92a0d,78280,mirassol d'oeste,MT
5ffda919f6e027b6d74388452ec99a18,d27d15f0c73d0e23b77d6e6471fb9d21,38930,medeiros,MG
345a376098bc749ca948eda410e404ed,3fbb62c633a2594527e7763c94a45f6d,32341,contagem,MG
157475701b1e42fd2f2aa734881452c4,40499c54ed0f69e730b9596af397f886,13780,divinolandia,SP
f0d5523b9ed51af045208859d0aed744,6149a2a35b6e989d78f56345d8f6d75d,74230,goiania,GO
6d92f68ebcc8f9931a3cf051fde4dc8e,9a9d051b76a6d5b30a0d49178efe8183,9851,sao bernardo do campo,SP
3939af43f9b4a4f2342dee7dadf4c1a6,52358c8c1c8f1516ce8fb3513ccd501a,80240,curitiba,PR
6739c6c4a0a27db63e15c9c5a31d159a,56417f325f6955150cc373b57ec91774,28905,cabo frio,RJ
bbf6fab2824ab87e88fbeb4b9af257cf,2014ec1b0056f51cfc268c9a868f113b,17310,guarapua,SP
933781c2fe801634beb7c62734cd40d9,63b3d613e28a214d6009012b49883393,35042,governador valadares,MG
e3b91047e6ca3f5e8b656750fa3d61b2,02b3bd80b9721b83c5b155ace3feede9,35519,nova serrana,MG
b799a602477d0a77304a0bd00af1d804,1bb886b5bd37e8ffe7a318a1a19a8b58,87340,mambore,PR
6478395c7e1bcbf3c7ee65a18ddcbbc0,48cabd8b661e80314a2c778484e7ab61,89069,blumenau,SC
7ba830bc3eae4eb7b0adeeb505c0ab5a,f7399a537f78aeee7479ff71ed97d0bf,25955,teresopolis,RJ
1359d5ea4696eac72d35f45e9fc0eb9e,1a6bd2815ac4d675cef027a2a2359e3d,28621,nova friburgo,RJ
5e97b06dbf5f662871b9ccbcbad51b62,62564bb035479125e2961f465565adfd,44007,feira de santana,BA
ea1c0ff2fd07d7ea71dd80d36697f3e1,337e75335ac0581e8cb807ffc9cab9da,36046,juiz de fora,MG
d20bb6bc2efe556cf5222d6b177cbbb4,76b45ab62a0c9c730d33b84745c3e875,21535,rio de janeiro,RJ
59441e21de26688f409e5f0bc9aac3b5,f0df8fbbf92cd4d2dfdd2dd2081a0f03,18110,votorantim,SP
8ebee0cc741eb27e8501e4b4e3c6422d,8e990907b56d2383d3a39bf0cf9a3f42,65067,sao luis,MA
2232236611f1458f825a31b9cfbd0997,050427ce6691dec61ff78267f70aba2d,23031,rio de janeiro,RJ
bd516d2e7c44800e3f593cce2d0fedf6,9e3f0e5595744aeb0d95463af94df6b9,30770,belo horizonte,MG
160f9a3b0e18c6b4a9625d4ac5ca4acb,7333996d97e383ee17271ec20e4c003c,32370,contagem,MG
13a9b79f16ea8cba4df16a9d6142bd78,1f19b785d6301de4dfa52a5bad36392b,7150,guarulhos,SP
a315d6e7a55b81d0e0f794bb1e08b729,7c269c094eb72fe67154b16e18f88ec7,5616,sao paulo,SP
9a75b1179856777173ca2a8176bcd9f2,c00f7319ed8fe800e016539497653260,88332,balneario camboriu,SC
60d8ab975103138567fe656cf30575f4,6109885a87d4541b0677c4d576c2c76f,27253,volta redonda,RJ
2bdf166505bb1203f42b862151e7523c,2726f9b34dd552604f0a54da34bfab03,71060,brasilia,DF
eaef21c024d74335f9cce35c9d96958d,fd409070d1019427111aec50b929fb0b,11060,santos,SP
0fd700c3808e829c7bfd88d2a38e6c6b,b6feb0df8259f87ba4dbb33c2d0f1016,88104,sao jose,SC
f5cf8c95dcda99dbe9c0cffe8d284751,cd330e38c1817294f67186b458cc78a5,14620,orlandia,SP
cbe54a9694c81b90f1930a589d1cd7ac,18d51447071afdf65f25d0f3a84444f8,26540,nilopolis,RJ
70868ddda788fcb4c2b9f49958ce130e,dee6ba013f0981441efdcef8142eb23b,9321,maua,SP
70888a8bc0e96010afbef708b3fcf950,5fd24f4a9025316141d13606456247ce,6414,barueri,SP
57706311eaa9567de77ec5cd329eeb7f,1dead54121acb2fa762af9c609ae0caf,38360,capinopolis,MG
a4a766ed0dc895e33d2f962b53a21e4e,be4eb163762cf164f26f81021c4a5e97,22723,rio de janeiro,RJ
06ab0f3fbb09a950709ba3e1562aaa39,6cf8793a63d3b4b2f8af32ac5d87ed98,20271,rio de janeiro,RJ
c9573cc1e246dadca50b2a74f795def3,7671178c592895e5beed747367b4a54b,60833,fortaleza,CE
e85651194748aaf0f1a4703d6658e7d9,832d9b1424ba5a4e691bdb0bea10ccf8,4166,sao paulo,SP
95be6558ef5d788291a4bfa88cb96b9b,898de5da25e41e155e9232e8300dcddb,4038,sao paulo,SP
f3752fccfb8cc4e9383c875b00bff397,8a9a406f05659971d083f93017a109f6,5024,sao paulo,SP
7eae0e943f8fc8ef273e928ce0b12ffc,ef94319730784638e47138ded9d23014,13202,jundiai,SP
323a81cf20fb536503c017cfd5c2d54f,58f814af5001d06b0d34d8a836ab18eb,30516,belo horizonte,MG
6767bbfe747b0ea4c29acafe65ced23f,a50e4381387b52fc0e4f6ca4e0b8c7f6,22743,rio de janeiro,RJ
dcd8cf51c37cad018c9281d823889da8,81196f05712a31e3b612dc0056adfc9b,13273,valinhos,SP
59606088131f94d6e5cd764404377a6c,b7d43205ccbbfa5a21228ae774a2e70c,88063,florianopolis,SC
f75c6622047fab3f5697e33b0a5c90b9,fe83f60e8975f58a5d51f61bee4c9930,15703,jales,SP
7f194dac460c33b8e5b69366f13b0d42,b861d07f86759de5ba4c16d57958ec8e,22220,rio de janeiro,RJ
f72019308430cb68b9846a32d37db6ed,dd20cdd757450654f15bdf7a62c4d18a,35700,sete lagoas,MG
c410a7c853f6e6e45099def1d61a4644,724a46e7b135cba191d01c7701b20dd3,20541,rio de janeiro,RJ
dea2f5dfb7067437f99c9790d190ebbb,4602b5cd6f4d8d108039d3d39208786e,35501,divinopolis,MG
7ea22fc8425fa4430b94860142a7ee0a,04ab67281768ea079c74f680cec8e8cc,25880,sapucaia,RJ
9d79415a4d0821d23b778a10755aa9c7,aba4cbce5642248fc726ee1268ccaba0,48903,juazeiro,BA
3ea7697cb679588274ce6d851dec2178,68624d7c499c22f25e30d71da380e465,21555,rio de janeiro,RJ
260653b481f6bb5ec7cfc7650b4c4608,67420a8aed416df13289123f69eb58ad,13252,itatiba,SP
0532c16fb3717ba27a99fd5492710144,1983d4bb595adf04d53264aab08ffb6b,4428,sao paulo,SP
9e46cd038b5901d785b0f1c080cd3f22,fd517a1133b6ba3fa86859e6f11731de,5573,sao paulo,SP
3fcc800884c4d07dd9b2bef74aa1a767,e922cf29703c57cba963d6cb4bf28381,21610,rio de janeiro,RJ
2f4cdad5a9d7f771f5f8998c29e14072,9d0750265fbae4a9c5195ece2153b3c7,3185,sao paulo,SP
66af0dad10050ee5122fc1b0de8b0e3c,6a8566d4ccf0cf0fa3a7c14252d21e4f,5434,sao paulo,SP
e5a91a4de75365c5a020bf937b52dc77,6b6edf2cfcd95c52f1255eb7ae82249e,13218,jundiai,SP
056bd303752311d2f70fb0b259bca6ee,7c77fa555c0ccf183a387e804fa6a61d,6270,osasco,SP
3f0d84bf2d3f467cef7e0c382c08d4ba,0c32aa09e8eced3ea26c2a013b7b75e9,71929,brasilia,DF
c17a0046142969fea0916761156c6806,08eaef84580a006e33852550ae75f4d2,6083,osasco,SP
ad9ad1bbc3ec168f6d7e7e5637788fc3,f00acae66459f1828fc1feba2c759fa0,9619,sao bernardo do campo,SP
7e3e2bba2553232583eb9e5907adc6b7,027835b35f861ba108518b2c529e308f,41181,salvador,BA
61c00670f96298073332498edd20f4f3,f349b18d0d0d9af0b098b59d15107ba1,15085,sao jose do rio preto,SP
8f302a637b143fc801494806aaf35370,ff4a3e514b8a17b4556d92dcd6e7a402,1209,sao paulo,SP
02a9194295f0ec290cebf3a0e66c98a4,60ed768b344374346f06d81195642455,64079,teresina,PI
bfa622c5b6ee7f16225494a05952cb73,01aae089a9f716c2d948a24c5406603d,5445,sao paulo,SP
5e98d1f8f0534c460557d71961a7f10a,34dd888b565982c76c7a9ee9dc41db4e,75120,anapolis,GO
c105db9a70cec07612fdea08fc14513d,36557175b8a2edd0e6c267c5a0eda7d9,14240,cajuru,SP
47b0f9a44d1904590dd06ebe72bd3723,68519bc41532d0f1a6613d278f86a5bd,88370,navegantes,SC
89f482330f47b52829093078d2d0aa92,bcf0a5f0f3ec8639f940749aab360d8f,30570,belo horizonte,MG
05812fc855821b2f091461ede3d2a960,f9717adc1e9a300641bf9dbbbfe68024,22060,rio de janeiro,RJ
43680df360ed4620c0970b131aefdc8f,3c1f7fdc180bea0123164edbc53c50cd,9770,sao bernardo do campo,SP
a96941aa31727872b3e6b1a5792bf3ea,1b6ba877c37807c18ce0b9e0c3c8cd86,35600,bom despacho,MG
796d054417f0f7134531b6af32578643,17c8adc49cb3aef4a23cf79fe88e2f48,3712,sao paulo,SP
96bb78ecaedef53ef3ac2745f906fe0f,07c62075bc5c33b7d9bafa573e54402e,23020,rio de janeiro,RJ
8ec1004a0848f47f8a538b9b6ea7e0b4,cffde569725a574542b11dfdc2b9d054,96745,charqueadas,RS
49b51777c902c07945d0bbf6f1ccd2cc,156283b6ca35ef976a0265903145fd5e,40290,salvador,BA
89a9dfe145aa47ad5e572ed886e18ba6,78b6cbee6550f3f9aa87b40d6d6bb7b5,47240,pilao arcado,BA
db8940226b1578796307372dc00fef20,dcf5a61895c0542bb8c7e8e74f4d61ec,44500,castro alves,BA
9e43617117f81bfddf4b3ec7625752aa,218ef0d5d3c10267b7929241b0ebede0,13050,campinas,SP
c33c19eea4404b369fca569a72a7b35f,41678bd77f241a2270d0a5d905b22020,6414,barueri,SP
f3875c080718c7e384875c4af4951afa,067c8117bd9b4f406301921f6bcfb04e,85810,cascavel,PR
5e1ae27895d0dce5388c6e9529f10840,6cdb0af66d147aaa257692164e8e39dd,11700,praia grande,SP
2ba0552c5032a5bd4164237204912231,a231b02134665d0d59438a0008e6e082,13690,descalvado,SP
e221c5326af90a53996f0e997deb2371,c3dd9b2dfd903d701dac867b0801250b,89500,cacador,SC
1387e2d23533abc24be58c9b3a1f06b9,2a2a3fad75a86811325aa30582b160a2,9560,sao caetano do sul,SP
d722ad7d2867ec257ed3d62603da4744,4e548cf7c1fbe24f6fe70c90942a3202,20766,rio de janeiro,RJ
de10ff4100545d244951898150f9aad1,64aa56502b9ea3886fb356a259434201,73801,formosa,GO
1a2ca44429aad2d0351da1b43d8050b3,235090c4bed5547bd98a4dfb54f3a4d0,22251,rio de janeiro,RJ
6071409e8ac30d508795f90b547936db,218130f72da8740f7a273642b6db72da,4012,sao paulo,SP
15deb9a6467d1cb2dccff0c7eaf99380,e6b4538b7f8624277a276ffe0867f549,36240,santos dumont,MG
e88cc8cbff5f53b1b1e00812ee916642,528553785a32652e5b1f5dc33899f754,91360,porto alegre,RS
3d42c8bfae4c6c3e3e4736eb7a6895d5,5db5541524a598438800671d00da9ee0,40080,salvador,BA
3f3d6985591aaa8288b1975674698342,a93a1c70bbdda31e28bd21e21d6901a5,7091,guarulhos,SP
3edf1142901dcc868ace8ad17460326e,4e68e8b99664973fbc6b833838272bdc,11030,santos,SP
6a2f487e008af5e5bd31858f7a1dc554,8e458d0afa34eb157350d6b4fbf22ec9,9240,santo andre,SP
9babe15f3a8d05c3ae49e0e57faa9588,7deb367b46f4aeb7888eeaa8cc29169f,13080,campinas,SP
2839dda95f81b66b4cd7a53b92011890,f0f8ceeadedd747aef7967d0f9e5969e,20270,rio de janeiro,RJ
d16bcf0555e8a602f65c56993ee91b51,ee22def0cb28095779ec6260f74ef07e,99070,passo fundo,RS
f5fed6e05c524ba7fc9d4ac862d3ae88,f769547cfebe1d1c51b2fc628209ab83,40285,salvador,BA
72716c2ef0c1dd56d24fd84dc05a52c4,3ce11e56c575217556cffc4ec725a4b4,79032,campo grande,MS
5a47f2e6f5067f6464af63ccab15f589,9a27ad21d3df090fd9c8bc50f9899390,11030,santos,SP
a5f95b21855ece6f75ed48e39bdba34c,66ad7ed47109246c2c8c9ea0289575d6,63903,quixada,CE
bb161d1bf200ae7f95379a2fa7ab0aa9,75fe53c9b4e7f11bc914e7e301887477,4364,sao paulo,SP
8ce176ffdf9acce55dd2f84721589692,ea5fc80471dd55321849b104daaa9e63,39730,virginopolis,MG
e9cecf8cb178c26ebbe032e7836221da,39e415a986e7e6fe1d19d29947cc27bd,37014,varginha,MG
a688dfb397b2185b971dde35c385ec7a,e3bdae4caa79af1d0c1049d138fb4a72,11608,sao sebastiao,SP
17d64b0a9652cc1ddb7b1d17ac56b2de,8fc358871ce23a3aef664db8dac068cf,96405,bage,RS
b2f1d78b0558b84fa2260d71a7a36850,df3481e7ab71700253655414aeacdc94,68746,castanhal,PA
cc0b5421d4eee8e67ccdb7cf2c68e44d,4b69463d4a30fdba7171716504935ef7,22775,rio de janeiro,RJ
919032f506767422e7e288dfa4850c4a,acbfaf28622f6abc50961761e28fcbbf,4612,sao paulo,SP
a88e515946bed4cbc70e9830044a7cb2,5b371c99d38399e868b159114e90d55d,25070,duque de caxias,RJ
c2abbbcf884e62c3e59e30777cc11320,88c52214827b6c4fb93fcd4b2a754006,19025,presidente prudente,SP
b0da2ef21288c6af3939878c7bdd63ce,fc8ad69ba46c0b020b6cf174fedd690b,74003,goiania,GO
80a4e774050223dd467a7d514862b986,0fa4a064989236797d08591a95b05311,35323,imbe de minas,MG
fe10ffd8e45212b501b6f0753ef1e930,1f6b5e8bdb35c6c1c6f4611cf5bf1247,18051,sorocaba,SP
7d05062f79bacb93b8f83d6da8d1a373,3dc70ff7a5b9e83700bcd962bc53513f,98590,santo augusto,RS
7d2923a34828c8f767f2c6b110ddf4d3,6e1145876e0dbd91cfb65d1780c7c212,95275,nova padua,RS
73030ce73a719fa299775db21dc5033d,111efab0031b5c6b18c5f17760f8b338,99600,nonoai,RS
43f741cb1b58cacd3378be24d6f9c3d9,98ea40824c7fd232e76771e9786aaa76,5223,sao paulo,SP
2caed4106ac34123aaa5b6bdcd6fccb4,894fa561f54fa10de0bc4db8b581947e,27340,barra mansa,RJ
89517109d03f8c3f1c63b84418e97559,8cb40ef133339b4e57628635a421ec87,88107,sao jose,SC
a7f2c8702670c3daa643060f32eba202,c812a2ea1caf53d43442b425b8e6047b,4257,sao paulo,SP
1091bac91a6e827e41a1cf472097f08f,fc9f5fd8e4f64448c26ac210609cfbf6,22793,rio de janeiro,RJ
10f16bdcf86ffb64a469edf9cc2994f2,35de25c73544f00e8adde226a4d1bdcc,5323,sao paulo,SP
22ae4a6295e60e8d01f407d37313f0c5,11dbab1a0e0a7520a736c97d653531d3,39680,capelinha,MG
be727cb4f334f5d737a6cd88c4347acb,5366e4f51085e586e7d09c203623f6fb,18540,porto feliz,SP
bb90f8e1cc3d574742b5ece8076459dd,d0d2121af4a8105396375642202bec4a,20520,rio de janeiro,RJ
f6a6da61725fe564836a8080f784b0b5,2274c5b3f1b59d5c283656e9ecf46364,35164,ipatinga,MG
f2ad615b9e352f08c5382d34ed55ce8b,33e2fc41ad206b4cb58898703509d48e,31560,belo horizonte,MG
b6dac2712e2f2441f14582d81cf07a4f,c23f463838386f2ed48539454a210480,83304,piraquara,PR
c5761e080ba22e9bb19972bd1d3901a3,d5fb0f227f7202204c85fef4ade73a62,48990,andorinha,BA
d29b5283a43b3329d02a723d440fc35d,3cfdd33d92755c126d18b52958e96c62,12061,taubate,SP
60fbd8eb60f7c1cc71664ba7e7ea25e1,e79ff6174ad4af336720f503293abe3b,28460,miracema,RJ
93ad62fc1229e9099881648f34813706,5506de51d8ddcf415bd12d9824c38eed,39644,francisco badaro,MG
d4c547df5739177e4e0b58fbf2004186,bddfe291329cddc03ea5da8ff92f677e,13345,indaiatuba,SP
10bb390c85e1f5ef6067fd407d1ab43d,e198955561e9a9524e4c3e8dd140c977,38240,itapagipe,MG
d0f3f691b729cd317bc9284b0c0c2fbc,d41e13cab53cadff05f4d4138a196cb9,1009,sao paulo,SP
e8d272f5edf25b4c9b3ef7d66ca2688c,358973fb9d5b4a20ef8306eaff96285e,36770,cataguases,MG
4b14bf7f9a0fd13d8e7073cd3de6b3e7,cdd01b6adeb9f518a632f5fb3a811e02,13013,campinas,SP
7a503ab0d71429773305ec84d3461e60,8e5e82c50ec7111e1ea9757732b549e8,71725,brasilia,DF
1c8e05297f77e1986a2ed0fe0899bc91,c00a2456a6e0c57cf44a42c364301c50,6695,itapevi,SP
4e3549d2f9522097f6b465f8c5df340f,407d48573b14b83f43721a9ddc910249,20720,rio de janeiro,RJ
9bca1f1ee89cfc3207037cc520ac5978,6964b08edbb280c06e20d40e4040f923,53250,olinda,PE
74bff367924485ad26b79d31e5623874,87a9e1b0c91f8e66fdfe708a5a40942a,60175,fortaleza,CE
8f5fedc7ca7d912c79405b85f9d9299b,4041baa51d9eae8f5955ccd4f02bb044,32210,contagem,MG
27dbc23c3d2ed8f7ca9cb534d27d5192,72897401648567f318e225b1ab98b3f6,6236,osasco,SP
9a509b4432a9ac9a3360fab57b64269b,3606de78ca14cba12a35d03170b17aff,6852,itapecerica da serra,SP
2ad63219689e97540b167b3dca7c350a,c561e29969dc2e98debc50e1b009c46f,4434,sao paulo,SP
13e0a2bb02a7e89185cb36c53db4473a,a1b01fabc8021bbbcaf914595e62cc10,88058,florianopolis,SC
b012fad340eb3e8c7d7b2b193be76831,bca4d279d433742656c21d4c3bdd4dd1,52071,recife,PE
e8c09dff0635a09514761a21369d9c88,ece908ca0502def5dd56deca8a5c67d5,7600,mairipora,SP
7511d7ebaabaa2f1e5b75763fac193c9,5254e267e74196f1e1c275f9716c89a7,47690,coribe,BA
13488239799b7592c29840772d1eed6a,34bce929b287b7b72a1ebc6b10c4e697,74483,goiania,GO
af5555169a360e0fdd4e79ad4e5497ef,f18ec31429e70dbb4c4233e491408641,90020,porto alegre,RS
b940eb430a669d018ef1d9e457bda1b2,9a239f4ba116ec0dc07f3000fceef752,11065,santos,SP
6f299b8ed3366569b07fdff803f6f691,8ab502d94ca877a0b923884b584bc314,66640,belem,PA
3a2406d64f403959b195e75ca8796bd4,0300e705496bf8c32c5dfd4a476885ba,44056,feira de santana,BA
3e8a00a5b4e6ef85bbe42e0c5482070c,eec50ea17931235b0743a8779560b971,88354,brusque,SC
9d9ed8461ab0d39ca9950f78958114f1,01b466cc9a9e663eb04f4b8890dbc5f1,38175,santa juliana,MG
ff321454b4ea8fda58a0d3a0ab2609cb,fcaeda59a0f0b54a72bd3c1aa65b11fb,12906,braganca paulista,SP
6cb971e55ee3a3e3c2a900e79c450d1c,625ce1a10005bd1238f9a2ec9fb1c3c0,13213,jundiai,SP
527f94af22a69f6595cd35b3b09d2019,0613aa9f107a3cc0e7bb4ecb167660a2,6852,itapecerica da serra,SP
b9da8d7c15ee88614c923e2c23313166,acd20c20e47ca57e3e40aaa54214c8b3,22630,rio de janeiro,RJ
647f7b98a4084aa9683a4c475e893689,7a577d2d68150121d950fe55510af83f,3040,sao paulo,SP
aa3e69930a8912ca423373a6b5ac4f56,8c1f36ef68d459b06466c01063b7ec19,28230,sao francisco de itabapoana,RJ
2f36d971005f4a8a072667fa2e5bf407,e7f05de61a01a07f06bca3583c2d8ce1,25953,teresopolis,RJ
d87d1c08c59e86ce55b5a78f368898d1,94e6fc514ff9628aa650d4a6076ea9ed,9619,sao bernardo do campo,SP
5a0ed2fa7a5c4f4e5105626fe1b0fe11,c66f6a3f46c648e098459bf6b577287f,2855,sao paulo,SP
d6bcb58cf4ddb4688e8ff3adfd7b1458,00b1b0f856eb804d554ceab3d8f1dc35,72130,brasilia,DF
cba07d9fe812b56f21ff8b4b72cb121c,58b13e38278bc529ac05bb4b526cdbfb,18050,sorocaba,SP
adcda79effeaa7398aba44f473e8aed8,072f8e24300dc9f9c23030f1ebc079da,6335,carapicuiba,SP
f925c248cba4a2c048e952e13e06f61c,f2063195fdb9a77cb1fef31f3b6a346b,61656,caucaia,CE
ccfd6c83ab3b2f74a9e88c90e4a52375,6c16b745c25238952857221d6cd7e866,17526,marilia,SP
4f482d99f4056116c5c9fea55a63bc86,ff9e11d25bd3a13105fbf416eee813c5,30535,belo horizonte,MG
3c39516a1b33d6d890f3d1094267e54e,14cbaed6f27a7aab94b666fefa33d5d4,56780,tabira,PE
deba7800cadd368aa9a7fb477f78864e,7fc43d0621f1c617d3242f7531a2c166,54720,sao lourenco da mata,PE
4275510de6637b903e69994771170784,a57d5721ba2e163ca157db99ee1e6e18,21940,rio de janeiro,RJ
b4d6740dc65324242332aea664f707f3,97e6f4c6a893fcb96c107796bf12b952,36050,juiz de fora,MG
f976a6aa7c97f6713c9b39e5bd74e04d,d7a86208b8dd2e697ddf825c386a0402,12246,sao jose dos campos,SP
412ef0bba96a560e2811cda36c9cc55e,50d59756373a395d180aa6414fcb99c2,83602,campo largo,PR
8bba7817c19c5fa590c8857669ade46a,b3989aaea8a136281b3ba11272c93cc4,9270,santo andre,SP
de58a2005b3c3a659af894c10d046399,5d006d94bc156f30b9f21145d0980a0c,31015,belo horizonte,MG
405fecd58e25e71c922897446940dbec,226d30f1ca3541ebcc569a4d851918e3,2461,sao paulo,SP
76cd2cf08209594cbb2241ecde557871,665806ef5f79740fedbc6f8be0d79ca2,6785,taboao da serra,SP
88f04ea3afd3db4885798c9f23d42014,a8a00b829b2fc46ca251ad06caa26bed,84600,uniao da vitoria,PR
338073ca588012673d034c0393e58bb0,21a9c9dd4248d18bf8edced7762b70ae,13400,piracicaba,SP
98eeb01403eb1df551462689e9b5897f,e657ccb2bb6a207f16a854b1e62a15c3,16370,promissao,SP
4d698df81acf0709e8e4390d821431f9,fcfa6e2c4c9029579752f9b10fd1ef97,3818,sao paulo,SP
67f15431bdbe78ead5de2c265f2c0a5c,864c41dbd1a61c08945f1ee81c45e1d6,13385,nova odessa,SP
a0dfd4423988ab0c24030a41e58774cd,fb0f84f881f307792ef22e8ac8f45f01,38300,ituiutaba,MG
3e70cccac729d32f6903f2d33858511f,862f2b5f660c3e04d9d7f54f6fd15df7,17522,marilia,SP
997070d4812561b1a8ededcbb6c2429e,bd9849d9ba9ac9f05f53f393b1c85744,13068,campinas,SP
5d3a8bfe360fccb31768010c5a8910b8,2604117c1b7f93e6dc4ee94a32098440,18550,boituva,SP
23ef610d8b7fac1024a8e4159496b90c,be683d989a3fbeef3364e8c0682c0cc3,9402,ribeirao pires,SP
606a373040ab8900cd368e44e6a7bb9b,15830e3bb000855aa09f415315a6f37d,39400,montes claros,MG
0554357bede8e7adab8e4d3a88652483,0f22608086c231ee99c1a06ea07141a7,29360,castelo,ES
0ec5c18a4b6f9da0e3ca912e19bd010c,892323d5d0997129223ae7714739e5f6,27946,macae,RJ
3b09d6915b73c37f8bb280cdeec605ec,5745d934dfb11a294fce3d48d18851d1,65800,balsas,MA
52758a7e9c19299fdcbdbfd4d7d883cb,a960b5e5f0786be1821fa342e6325ea5,5528,sao paulo,SP
e761fa60706c9383584a879dadec7d64,b86bb7e170395e327dc427b4a2ab0f59,54771,camaragibe,PE
c0e7850f2d41cabcf4ead28d94ccdd66,d5a0f127ec3ae34628d3ce916d9c1886,40435,salvador,BA
bcefe912479b03d74d270a7f707a4fca,c9e4722c8841be58cfa3cafad374f29b,39401,montes claros,MG
e57ad40af961e5012b7c863a582d16db,95ad54c1f758042b6ea3e026b7166d9b,32450,sarzedo,MG
f995b47806abc810ec42ba29991175a9,6c601c35dcc4db99daca2fa5f88710ba,13280,vinhedo,SP
d1f8f612e6392284c50933ccee7966db,71c353cd52aec1cf65ad15cf621d0a70,91550,porto alegre,RS
efd6fec8f33c64ead2d675d6c953d397,83de585fbed8db52616fa217c79581ff,4843,sao paulo,SP
8cca8027af04a9c9bd04bd8c8e324ec3,92b18241cb0ae7c3be4c5c9e4b9db371,22743,rio de janeiro,RJ
f3721694bcec86501e4a19cf459d3b28,b845ca585648feec8dccd229c0ce48ee,38700,patos de minas,MG
c9a7dfbc6fbf3b5099015fd9cd288435,3f8361175e08ec40637d5693af196c9b,6519,santana de parnaiba,SP
42d417a2a29a4bff0208fb79bce1320f,979067619fb9e126e60b8f9c100ec5b5,5206,sao paulo,SP
a43a79dd4f99afae882ef0a2e89bc14e,ba06852aa0cfbaf3e534272d2be15a96,24120,niteroi,RJ
76c0c1cbc865dd70e1225ca35bd5f305,dcb9ccbeba1a08fd27d8f50618ffbb2a,35606,martinho campos,MG
340525290b9d4ff2e6c145fa85918d39,1ca06486b67575a0fd2c9024db21bd99,89218,joinville,SC
16356f40e7be1ae2120278046fd3f16d,1d77389751e0631b622eea6f6e14159e,79490,sao gabriel do oeste,MS
cafc7a4213e990eb268de2f8d0095948,ae9ea41cc5cea5bd9ccbfee5fae4c8ef,36036,juiz de fora,MG
6cc413455365a333fd164fb49c642740,9e8a3319d6728117400c64ea9e7703cc,30140,belo horizonte,MG
6504a3bcc28696d5f441fa1ff7779e06,fd815217518a93dba48013a66bf1ff18,28360,bom jesus do itabapoana,RJ
58c80172465a0843a5a1873a6fd21061,b032eb4f89573f4421aeee6d871f5150,13340,indaiatuba,SP
0db0e828827cd9a0e1b73d846c4b346f,b6fb410ce588b265ec1067f15ad2e09a,3801,sao paulo,SP
6d75a28d803fef50f764c1623fd87c4b,f41512017822e821d25a901ffdd78eb1,35162,ipatinga,MG
ab8844663ae049fda8baf15fc928f47f,02c9e0c05a817d4562ec0e8c90f29dba,8577,itaquaquecetuba,SP
2a7538a3a9b5de992de6fda7e4338624,5a868d74b4b972b5a132c20e67bc4cee,68633,dom eliseu,PA
d33b250cb9b08d63736d711cad71cc52,e03b239e4335d431c5638456efaae133,91160,porto alegre,RS
67f09d85ed01fef44ba9733eb5d9df59,41f926f39c9764a0c0683c30d48f84e5,72305,brasilia,DF
fd7bd7bf90e739374de93e267e197779,d6699b457652e531b12f4c6a9fd44e00,30160,belo horizonte,MG
d81c79479192992a07033707560d6598,2da1a627d2ec3b57ecabc9249d7266ed,64002,teresina,PI
152f7f1e31c841edcb2e9d218b90e2af,7e8044cc943709716d3b41bd9be977ae,15600,fernandopolis,SP
1f5b69f5dd7c256aa9a601a4ec353abf,d09f409faad9e00eaa59223831f79d54,13318,jacare,SP
120cfe05591775d14f4852a9080a2663,96fd69e8b0df76a9a807b01dc82bef5b,4371,sao paulo,SP
428f696c9a8641d3e9a0ec0febd9a4bd,668c2b10912e695e0a4fb637688171e6,8061,sao paulo,SP
15c880e1f17fc30eeba82fa03a5446f7,02b3c998830ee93e9edb49fd91aeae4c,80035,curitiba,PR
6ab2063710261f746ac7ad58c7a8b29c,6fda6a43d1fef37099eeb8a7537d9f19,29707,colatina,ES
7d643c6504deebe6d2ab830865d71584,24abf93a73a57ab3fe56df52deb2c6c5,36857,pinhotiba,MG
e7b96e5c330f63125f06f075bd8ede22,225416791adc72d9d36e757e7f1d628a,64071,teresina,PI
83372d4453070723f0f31b01c8260993,b312448665a053784d8affae3782595e,9560,sao caetano do sul,SP
75266ba4029d4d8598177c7a906e952a,1cfc2f4939128883b9b9ec8b0a0c8d13,18077,sorocaba,SP
37759c40b80fbd8d2a23a7828107bf7b,ca961b973ecf9de95e3c17421f60a9a4,44001,feira de santana,BA
32f81dfde34db2ecce57cd3307ebe910,120a6e1875940fe48a44d6cf30706230,38500,monte carmelo,MG
8d3051d40086f3777d72074bdc4a2036,4450df4851dd72d51199417669c6ec7b,18117,votorantim,SP
478017e895fad878b3b74d8d6dce1d22,d087eb5013713214484f21e736ea793f,91150,porto alegre,RS
bc9b377eea5541f00aebe8002dfdff15,6989aae6cb5ec4038ef2c59871cde5de,20540,rio de janeiro,RJ
9393ea60acdf05a4004483c3b7c24d77,19913c41a2d6a9192020f85be51811e5,30441,belo horizonte,MG
e779303d9317edc7bce9f584ccaa59e3,c5afdb21fdb0a3e8c4a55742dfe7c644,55700,limoeiro,PE
32810b0f4b9819d00a42b73956854780,136a9905ef5735e9799c1e11d7d13444,1204,sao paulo,SP
93034a219e57f3dbd6ad0abf8eabb313,5e77164a61e9dbe926ee2fcd302a275e,40320,salvador,BA
76e096c68fdf19c14e89397f91d10159,92814d50e37e74d3b07d9270257da763,3578,sao paulo,SP
9082e3ba2159eab131ecb540d6c3c08a,2927f7302f0f065ffa193264633d57b1,15490,paulo de faria,SP
17a7ed1c58dffc2bad134c5e67d73393,4fe3986eb91014e00639e601582e60f1,13218,jundiai,SP
b7e657b12cba6b628653085d819ba8ed,9e2dcd5e9030986f0589e4db7b5c7987,66080,belem,PA
f8a069c2a2ce5ac98d668ad6a7950cb8,90af0eee5d960dda9e5548ed397b5940,13088,campinas,SP
3c91ba1942ac3625e57ca5c023ca2305,b6da8c6b219a8517245fb2f173a36f2f,11461,guaruja,SP
0ef4273145d74465c180b6a9fbb9799b,025cf7c2f32536f0be1ab412bb6602d2,88845,cocal do sul,SC
870ae28f999c5deb65108159a259e504,8827aed3591094ec92138d2c0af196a3,96400,bage,RS
82ccacbefc4bf6143a989f42785134b4,d6fb818d72390f4d7bedef226f3e954c,25570,sao joao de meriti,RJ
ba7cbc60652099c65651fec5fef9d685,7bd33399499350a7fa864ee37e99546d,73092,brasilia,DF
82bf93cbbee8b49bd07234625addbd83,7c64b0fb470f26ed726007fddb67fe90,1452,sao paulo,SP
369e8d5b3fb4177c3c9a6623f408cb1e,58e51ce458bcef2c1270b31b85a4df9a,4408,sao paulo,SP
9b8e07760752cf403a944c5ef278be8f,cb5c545d96f39390b7f372aaa88c4a7e,13203,jundiai,SP
2ba83772da66cfb788b2130a97f46292,c88c7f3b5a5197c8eaeefd3333fd048c,12414,pindamonhangaba,SP
1393ce4aab394aadb6d9df4c59c90363,c25d2fb6d22e04ce43c3652e3cacadad,22770,rio de janeiro,RJ
86538da58e1e43ea22d93b6fc3c8ac1f,a51589a7867758392e3f88400221baf6,6328,carapicuiba,SP
da181e0b77b202c246e47de9c723ddf9,77cb7e6834fcba5aedaa7c92d17504e2,6333,carapicuiba,SP
e6b233097521bf30700128ee0c424a5f,36d377cee92dc9e86522cb1c175d57dc,1402,sao paulo,SP
2586ee19ba02a26fa0a5b76feb616699,3efb4304e546ad81e39e65cd8db7e7e8,36500,uba,MG
12029efbcd83212db276db34e8d6f802,7b08fc11e1aacd85ef2845c12a9ddb81,85960,marechal candido rondon,PR
116a414505bdc6407434a0ed928a47ad,c4de6c1719eff03b6d30aff09571e272,20520,rio de janeiro,RJ
b504fe42a7d664cad29f108299f51629,ca5c22758e4f6781ba277d327fe3d7eb,97010,santa maria,RS
59993ce71f47d61ef6fa01687e8c48e8,748ff039820a309f68d0ca5d57ba60b7,2321,sao paulo,SP
625e0f9079a19e4cc2810a46c5a21457,f7c01c092a59528431442b89e2fb6f1d,17250,bariri,SP
4e8206cfd9d078fe620c0da3fc2ddd7c,02900dde8414f41aa7e3e6394eb08871,4844,sao paulo,SP
5263febf1413e9a60ceb7b842008b7ef,6f90ec5150be36c4475835b5941ab56f,82980,curitiba,PR
991810d1743b667dfccaf2b046d88a5a,e38e8912a6bd0d04b1e60b917d18b57d,20040,rio de janeiro,RJ
4e911c5f3035b48107c98b60f7b7c849,dc53ec127fe3acbc6de0d7797c224e3b,65085,sao luis,MA
78b0449357aac9b99f762f7d033aca6f,a7ff34c63e34b438ff4b1789b8ab23a1,9060,santo andre,SP
a544f53bd4ce0d11de2d68e3675ecfab,4644f1b187e390a08b4c66fb16c91364,89266,jaragua do sul,SC
c169f24f4c8aa4c97dac45a35ca0fdf1,058aa00e0e9f4f0a2febfce3725d71c1,36680,sao joao nepomuceno,MG
ba819aec7d70f984272d9fa3c3475787,d14494e824aeebdba85b5bfb50d2f4f3,60863,fortaleza,CE
da58a1b4746c306cd736bec85eb02118,2690d07dfb3d22053e2545e107af4e84,4455,sao paulo,SP
2d5d432f3d019335618910f2def0fbb8,4a0eed40063695c28f67f468dd5776f8,88134,palhoca,SC
91b9c73efce9cbe8c08f5211c1458761,80eefdb25d6a9d9bdb97dc6fcf73cfd4,35500,divinopolis,MG
adfdf9d6cc5472ac0df3d6cdc44f566a,a266970c5e6f44269b106604202c97bb,36016,juiz de fora,MG
e643215d64e8d8f969804bfdc98e50f1,6e0d94e83bae00a64c12c9497158ee1c,88350,brusque,SC
bdf5201a85adc11a3881a5e1ffab102c,d99a94ef74620b95c29ca49d7c778bf4,72023,brasilia,DF
303f121f379bb6c560b404054afe6e60,ae207cf8119fd10e3b9ac24570089fad,90540,porto alegre,RS
e25778ef22bc9a95b7b57e0d133ba1af,2e7b9d854bd86de4428c28f43e83a365,39558,fruta de leite,MG
fff3a5c6d542d52b05f7e4518adf996e,a96d7918dd2acf81b73291f82cfe31dd,79125,anhandui,MS
8c3bae44fe68e44c6b16c120bf51456a,f9234780901be852eef63a5750e73e0f,88330,balneario camboriu,SC
07b49e1f48e3b25898e300705a980b55,698657c808c9bfe87b9330cfcb796d63,3249,sao paulo,SP
a9d2cabee2f5635cc509f78b1b48ce47,f5be3392f629303bc8c7112f65132efb,38610,unai,MG
6957a0b44d49ff48e3bb939fe3432f41,a1d6418fe32f5acbc6780e5840df0408,78050,cuiaba,MT
ec367d9328f38ee210f6dce68c73f5b9,892ce7ef9975bdd49e0242191e51058e,13631,pirassununga,SP
c2cefab2637982f1c387a98842fde391,f8654118fdfe85e9e286165ac2f7f66a,57055,maceio,AL
60e522349ec0aad1a45a13c48749d0f2,a33dd2674db89fc0fd043b7f0b5fc645,28930,arraial do cabo,RJ
c2c9579c45a61a254b8a2b4892c87363,1be142d1f91c29a772cfdca42a8a4b22,24220,niteroi,RJ
ae3a3a6fd9128d8617e2cb3a88a7598b,f3e9410701ce24f2956a79c7475ab834,65052,sao luis,MA
1003c48609c8afc8a24ddb9305f9d772,53ddd59859aa1bb8be87f8e47e2e239d,21740,rio de janeiro,RJ
