order_id,payment_sequential,payment_type,payment_installments,payment_value
61c7b1cf28b58654fe411aaf87fe249d,1,debit_card,1,39.6
a01f943f4a95572159f0603bd160d67a,1,credit_card,1,111.42
267968a4442f2e55c2904cac31c26660,1,credit_card,1,37.37
303c1a4cb953c69bf9ad12194dc3d44d,1,credit_card,1,47.96
c5f5087eaff455f93653900411e34432,1,boleto,1,141.88
30b971d10c8ea1517964eb4b7f720f2c,1,credit_card,1,31.1
7110f0eeece3a706f92c964efb204e57,1,boleto,1,92.9
356108ac93685d12f65fe827e25bb138,1,boleto,1,251.29
279b0128499fe319bfc49512b1612eb7,1,credit_card,2,62.01
10938b7ea022f888b8a2683a6a0fc533,1,credit_card,1,494.47
b25816accd207ba3b12d0f4f5ab66793,1,boleto,1,66.1
e5d30ef739b1ed6f89f11ff5fd9e285a,1,credit_card,3,93.5
8207dc60d7f55f4ac2b9601f02eeff29,1,credit_card,8,235.59
64544cb9a8e0aec0b80bf919d41b0c29,1,voucher,1,48.78
eaab44d4e74c7fffbef5ea53e34068a1,1,credit_card,8,87.64
f8bd3f2000c28c5342fedeb5e50f2e75,1,boleto,1,17.78
dc939566a9c408333e76222972bcc0a3,1,boleto,1,114.79
df53ed4b08a845497e1f9aafa11fb2a4,1,credit_card,1,51.1
21e37650ff5769ef4eaa10725322d871,1,boleto,1,273.98
378ef8f4017a5eb7204730698cfeec60,1,credit_card,8,142.97
2de88b97e4bbf3a783afbdd55cb955e4,1,credit_card,1,42.62
b2a3423735119b088bc62dd62cf053a8,1,credit_card,1,158.21
89d881134bb068f04011771181b2cb86,1,credit_card,8,368.6
fa80b749949aa00910e069eb9b83be29,1,boleto,1,85.24
cdbd981121b82988cdb4bc8229598984,1,boleto,1,151.7
7f3a98ba983d8671d25c8cbcae5e9ee1,1,credit_card,9,485.51
dbd4175cab44d4d8c6d185418c00e0f1,1,credit_card,5,167.92
9d9866633100cc4ffb5fc63ee78fb52f,1,credit_card,1,54.39
d876b34afec9a37354e30d656829878d,1,credit_card,8,400.36
19f99e34df3950b323bd2bbc16152983,1,credit_card,1,52.38
2909656d933b72ba8b3fcf38fad83c4d,1,credit_card,2,137.2
6e5471906b39845aee4480aa16d963d8,1,credit_card,1,115.57
f6cc9e6914d9aa4fd5dc1d380ca571a7,1,credit_card,10,527.12
884989e29f137d8ce42518666158b8ce,2,voucher,1,15.63
b643582fcd5b151f498b5383a0195f33,1,boleto,1,80.87
9ee894e843daa29faa726a8b6a85df35,1,boleto,1,273.62
4d5f4d9f45924156c57a69d5ef886822,1,credit_card,8,342.18
ca860fbc7c3132b89e9e134a00652215,1,boleto,1,195.0
44ee123dd806e5be0cd47203126e26c8,1,credit_card,1,77.42
e178bee213ba3b996d728678aea863a4,1,boleto,1,58.85
4189bed5bcc86231422a2c652cbd66c8,1,boleto,1,82.98
fde8ee361a63b2ee323ac574ee41524f,1,credit_card,2,259.15
b708bcdd3889b8e6df7323fcb64bec79,1,boleto,1,41.85
832c7364e0bee77d8763a327983c1b8a,1,credit_card,3,33.01
be47c07fc0095b7f75dafce1451bc891,1,credit_card,1,48.51
e6f1079796c9aa6e372d9c759310b5c2,1,credit_card,9,181.91
8e69cb6bacc0ad1b8f16f6990e9375ac,1,credit_card,1,88.9
46c3d7a39e516332b81a4841a2fae891,1,credit_card,3,117.57
abcf5984d3741238d9c49184b7fa5941,1,credit_card,5,145.01
9f6f347729af61a4a18eda64c6609dda,1,credit_card,1,62.78
44d2850802286aba47ac68220a075bb3,1,boleto,1,79.05
093a8c168710da385a8c59d3149ea380,1,boleto,1,55.13
b0ea6041ac66a83e6a8508f3954edf91,1,credit_card,4,111.1
393e01721bf0c84196ccd4b423b53798,1,credit_card,8,643.89
40b9d0a196fc994938fec40d258133be,1,credit_card,1,107.41
b37e66984bc386101154f129feee1830,1,credit_card,2,147.55
db4f107fcd5c5dac40c23f70a64f2031,1,credit_card,1,33.09
c6d26341bec0769b3ccfa232c63b3675,1,boleto,1,737.85
bc8e285705d492abebdf4fce7786ab80,1,boleto,1,155.12
b5f13aa3a46ca3005d39389331866fe4,1,credit_card,3,299.7
d4b4050ad0885ce84603e34ee06201ca,1,credit_card,5,553.38
28cc666d3c85564ac6854085a36582fb,1,boleto,1,84.79
15f03e32c4f15c02ef2461951758bce9,1,credit_card,3,162.89
4b8551fdf4362d88d520a66e6132b2ba,1,credit_card,1,77.2
33eafd0ea4c37147b521b67b83b6769c,1,credit_card,1,93.89
7254ba1421bac35de5d5da660715bf0e,1,credit_card,3,176.85
a0147b55f1d225bb21f981e58f735589,1,voucher,1,219.3
fe98cb0615a7611265d8955be5ca9497,1,credit_card,5,54.36
05871d52118762aaae93a3682fc5fe2f,1,credit_card,4,389.31
c4ce02b0d68f5bf60e5d6bac4701350d,1,credit_card,5,384.45
8ef736291230daaf8c549e5120c51cae,1,credit_card,10,927.87
17d22657f0987dcb5df8abd4fa057f8c,1,boleto,1,99.91
cb52e15d9560e5dadaf5732671a919d1,1,credit_card,2,96.0
f2b150da2994a9a654a8af90977b9cc9,1,credit_card,2,98.65
f7abe88fbe9b7ae7a46f897236e58d31,2,voucher,1,45.88
28ee4942e257119c5bdc4d00b182ba6d,1,credit_card,1,169.53
dfc7b55ee482374556356b94afc9b841,1,credit_card,1,81.43
c17789b6bce81222eaa468ad01dcc9db,1,credit_card,7,116.26
5dd64c69f0f1a0f2cb3a5272837fb904,1,credit_card,2,106.31
97291e812341c4a06c5614415aa9354a,1,debit_card,1,177.13
03d7f508a18d76f89489c40b7008f7e4,1,credit_card,9,188.29
2660e4e0c99dc944d9935e3b8781d81b,1,credit_card,2,45.86
0c5c7803f731287953ed066d8b599372,1,credit_card,1,61.58
67d83bd36ec2c7fb557742fb58837659,10,voucher,1,0.74
295458b743d8f806fbd5fb290d0b1b8d,1,boleto,1,45.95
e18ebd6286697a3f0f6fe267d8286cb2,1,credit_card,5,274.45
bf74f34eea55f16dd17b6212310074f8,1,credit_card,5,196.14
6893c7e3a051e9d94a2bed6777355f2d,1,credit_card,2,165.96
4ffa6925f9e9d85f1da329843f349238,2,voucher,1,33.6
8e287e7d7db7206c7a9d0184e97014ad,1,credit_card,7,400.18
bc8d5236efa331461a16b701994814ff,1,credit_card,3,88.67
e7fed674bb29ac98193d392f363cfcf1,1,credit_card,1,2.3
b1df036dc7d09224799cc86971761374,1,boleto,1,39.59
33797bbcfc4f22d40110f77692f83c78,2,voucher,1,5.09
ba1f4cf892df702e9b730cb54d9fb063,1,credit_card,3,112.09
f01557208e34bd6c092c907754981421,1,credit_card,6,214.41
7d63f6eebe0dba6fbe9a8c9b5d11aa96,1,credit_card,2,172.84
ec082d3ffd103096f9274b6247217ff9,1,boleto,1,232.81
d878a5313be350f1299ab46a1bed9254,1,credit_card,2,88.89
452f45581d396d07e3a7e9f4b4daf866,1,boleto,1,35.84
ca2d0999ad1d0d4425ca9403c264cc3e,1,credit_card,2,113.55
79149e16c4017cc512c938cbd445cdc3,1,credit_card,2,80.67
15226cfb3e9f4ad163d09f493688204b,1,voucher,1,25.68
a9b929204be626d61a1d60d47e6b52bc,2,voucher,1,36.23
f92af4956f690ebc9200d25029ce7c06,1,credit_card,2,138.62
4703fef754ddf8addbed5b7935e2f868,1,boleto,1,59.01
cba96e186e4dd8d172b398e01df4027d,1,credit_card,3,104.28
6d8a901414328a5ace8b17a2fb3f664a,1,credit_card,10,198.5
cba655bc3c72fc26b4fe864f2ea5fe38,1,credit_card,1,55.37
0cbb4eb8eb55f8386cb8c934ff936358,1,credit_card,8,105.89
88afc72ed244948d6e29e7458db590b7,1,credit_card,3,342.65
251fe947dc87c3ac12965b12bd34f160,1,credit_card,2,62.38
6eee33addf2f19cbd1d8e81c851825f8,1,credit_card,6,98.72
749990ae992d496bb8ad6972705298f3,2,voucher,1,77.42
2b6635f4dca63c44fdfa0de1c212a2ff,1,credit_card,1,52.98
613ea91cb4b6b072a114ef3e5e9b6227,1,credit_card,6,182.84
c277b80337c0ca11cae04fe7280ed4eb,1,boleto,1,89.27
d3a5c7e2fbe9a935e6a4a7454d4b8869,3,voucher,1,103.47
5d85cc48fc6c9edcf1933e6e66de1a47,1,voucher,1,606.57
889cd80138da82895c4ecb01ddedcc1e,1,boleto,1,53.5
c0a15de26f8add28b3ebed18a13e6831,1,credit_card,2,57.87
03d409e5b5b19ae88c43b41b503fdc5f,1,boleto,1,33.24
21eaec27338dab3006319241bff4c002,1,credit_card,6,89.63
c2444bc9b1b352c434dfa9a4baf7236f,1,boleto,1,173.27
c0101e90b905c8518103661781b2c6f2,1,credit_card,2,139.27
668806d98daef95d0b00c461c8c4afc3,1,credit_card,1,1.92
4f405b650a39270ace3d575d308884d4,1,credit_card,8,87.8
3b2124c60aeceeefe963adfc35d0310d,1,credit_card,4,99.55
e751df080556bc6d287bfb067be23393,1,boleto,1,67.5
309f6784abccce4e6e99672dca8ff4cd,1,credit_card,6,1702.35
a1b0796198555011b19eb375a001b2c4,1,boleto,1,74.49
1a292836ced1aa222199c34c883f404e,2,voucher,1,150.0
2aceefa8498a058bac3f46c6336e744c,1,credit_card,1,44.0
706a381b79e44be10223ef1a12a71d8f,1,credit_card,3,249.39
57426323a177f099d4842f4ac12619e5,1,credit_card,1,90.62
3dfb708634f7341447767f4ee59fce95,1,credit_card,5,52.18
dcb8f406a37e7da18d02d9a19cdfe8eb,1,credit_card,1,200.11
0870d202dc3234340a499505dc36c7a4,1,credit_card,1,46.84
94edaa9af5c54b9d05b8f3ae40bef478,1,credit_card,3,241.82
3ae11d2ab3c0a83cfab0b47148e5878a,1,credit_card,5,56.78
036467185263519cd4f15dde1f8664e6,1,boleto,1,181.55
c1d5e085a762461d171190ab5fe8cdc9,1,credit_card,6,127.92
d2aefa1e404936eb9c5660ac2bde4ecb,1,boleto,1,36.5
9bd2f19fdebcf5928f0971caeac464d9,1,credit_card,3,369.0
ac49c1eb805c27f524f4798a3142d439,1,credit_card,10,107.22
1b83b0cc5c4f25371dc567405ff773c1,1,credit_card,1,9.08
8e075f06285446d7a9e69956e64309ec,1,credit_card,10,107.19
78dd421c4700121100bb1297168a05d6,1,credit_card,1,114.42
ecca17940ac000efeca3a8bbb3866591,1,credit_card,3,155.22
a2d72ff17d07bd4f05cfaa40c6c8e2a2,1,credit_card,10,310.21
379a935fe436be68e1c1e76ef0fa2c48,1,boleto,1,74.57
92f53cdbef0f16b315c62faa337c4672,1,credit_card,4,178.03
8a690db6867c58d3ed896a9a2127746b,1,credit_card,2,128.02
d6de1a325f87726ee52e1ffe80c35a1a,1,boleto,1,45.13
3a55ac3af25e4b295c861a2382e0afcf,1,credit_card,1,66.67
bd64d101b15234bb5f46c6b01ec42aa1,1,credit_card,6,66.09
676dc08d3b7a83fc6f45f5e0eb1a2d9a,1,credit_card,4,243.4
bd33d6543dab80671198f9df40e3411d,1,credit_card,8,319.05
908f072f2390700728e47735f17c16ee,1,credit_card,5,119.93
866aba819ecb20582614f90f9889da26,1,credit_card,8,101.48
b2727344d4f955cb61829ed7f61b12fc,1,credit_card,10,189.42
b6e796ad8c9c44fcd24f94d0068f4868,1,boleto,1,30.04
0ee7b1f086c44cbf2dc1efbdaa69bc19,1,voucher,1,108.0
9e555160d5ee4c0a12a9451cc98afedc,1,credit_card,2,124.27
4c7ef39af59d31fa247f85d10ed414f6,1,credit_card,8,231.88
8febb29840d98fdfb4f00b2b26e4000c,1,credit_card,4,44.24
79172945447a2dd29abbffd445a99205,1,debit_card,1,32.44
58ee11026c2fdda6ff738c392cc5fb00,1,boleto,1,74.16
111dc64700f0263f8001c38215036c92,1,credit_card,1,37.58
2059d0da82b7b8d60f4a609d795bc9ed,1,credit_card,5,54.1
cde3f389a60c48bf85f49e8daf2144f9,1,boleto,1,101.14
288550748c3bf4d64ca22b79487eeaf2,1,debit_card,1,49.75
f6efef5d403a2c70636e3903f1ebd151,1,credit_card,1,52.26
ae103e0dfaa3fc6e8b8c9cf179c7a94d,1,credit_card,8,136.06
a854d06f865577c1a097985385896d42,1,credit_card,8,253.68
efdd2a16264f8e4d18564f8e7deb071c,2,voucher,1,24.67
c45bac21efb8f0856af311a0f8d67695,1,credit_card,3,503.71
674e1f5ca0441058cc7fa110cb4f49eb,1,boleto,1,65.98
281962853c1f4b3b4ea3bed6e4647759,1,boleto,1,146.22
3348fa7940562350a8d19cf788f0187b,1,credit_card,3,39.09
3c39f4ac4b4520bfaaba2cee448cd823,1,credit_card,1,23.23
912806f58b85a8b3b9a57757227c9a36,1,credit_card,1,258.9
ee55d5ed8f8d07169b07321887d45eb9,1,credit_card,6,84.47
ee6ccb9e2ac9c3de0114a22625cbc859,1,credit_card,7,87.8
d295fdedde1742dab056f335be894679,1,credit_card,6,67.28
523c6b536c4f27d8fbd3b1ca5975bc6e,1,boleto,1,128.22
d60ecff4cf9ca74d078b9a105d138eed,1,credit_card,10,197.53
e210480a7951a7968ea2a32e38c6dd70,1,credit_card,2,178.99
3b525abce4eeb08f96537636dc59dc2f,1,boleto,1,55.0
bbc78f387d75afb81df8da1498337e8e,1,credit_card,6,139.61
538bcc2ab8514680c3d5b27479b02dae,1,credit_card,5,64.77
b52c5e0a82ec048d983882e4d539394f,1,boleto,1,387.32
274e474fe18a32ae7bf5cc6bb0e7a46c,1,credit_card,1,72.48
ef79852572532629bfd78b06d07055c5,1,credit_card,4,83.95
a7f3396e13dbf329c0ee67624aea5a93,1,boleto,1,73.34
064c5d7833bce7bb4c9bff1302ac9d0a,1,credit_card,8,82.12
a3021cb38ee69a87a0cb9cda57f7d72e,1,credit_card,6,329.38
03dde7ab63940fbffd10162a74347e95,1,credit_card,2,44.24
156f6f0ed73a57da184aecc81303bf9d,1,boleto,1,31.28
92c10d3fad01ec9df6ccf1fc0461ac60,1,credit_card,5,115.36
16d65d58409db5d0534f2fb1817696b0,1,credit_card,4,49.76
d8bf59eb5386f2c3d82cfa4ced3c6183,1,credit_card,3,143.5
6a73304fb8e96ad11c29d29a1ca00487,1,boleto,1,45.09
d1a2f198bf6d06a0c46f0a5cc53f1984,1,credit_card,3,91.19
657b1c44f7dec3444fa26c61a3b539c6,1,credit_card,1,73.34
6caac7177852a39300388dfbb599a5dc,1,credit_card,2,56.37
7719dd879ae3926cf395d78c4d2e3ac7,1,credit_card,2,478.46
0c1eabff9739bc1f4ac404d1a8a13db5,1,credit_card,3,193.98
b30abf162ff1730f50b6400bdc32550f,1,boleto,1,91.86
28d07cf52af4d36587d0347032cebdfd,1,boleto,1,68.63
16f391bc8fc37407de41720cd92f6266,2,voucher,1,250.0
6438d704a058758bff33c039c32f655f,1,credit_card,1,106.38
c23e5dd6ab3f916d4f92f9890ae859eb,1,credit_card,1,44.13
61ab6abf759291229bc1d2ad09a7c3f1,1,credit_card,2,150.08
bcda98e5747cea8a343a6af0e5da9f91,1,credit_card,8,117.85
d6a2e1d3b958b6c5cb3af6f1d4d4a203,1,credit_card,5,254.04
098f664519835e5af0a1f20f4d778fdf,1,credit_card,8,913.7
c25563978406540119e9bc10980b2fdd,1,credit_card,4,43.62
8b077b8596bc4dddd67331311917d107,1,boleto,1,45.95
865877542f1840626ccdfc88e0b74684,1,credit_card,2,100.34
54fa0e4cca081fc9d0a5c6759cc53adf,1,credit_card,5,194.92
e81a8cb665767198e8d2e17dcd39af87,1,boleto,1,95.21
b609be3f65463a74e28cebbbe7eb1203,1,credit_card,3,161.77
851c0a679381595b4b44873db7595471,1,credit_card,5,77.22
e3f7a673dd1981e0d7b330c8a7220220,1,credit_card,3,328.35
ab92a98bb35621bd312084351fb238f1,1,credit_card,1,49.22
60c6e004c97f71ef213a3e080068e790,1,voucher,1,88.08
176cf0b19224a77a9fe04e323627fa7e,1,boleto,1,145.5
fc297415452e5dc0d06afcd16e864ca8,2,voucher,1,20.0
74d903ac21372f331f2fa52be9681693,1,credit_card,1,75.07
8fa279b262d80217668f5711737ac83b,1,credit_card,1,26.79
786071d2041ebb770c1045944ed57ab2,1,credit_card,2,105.44
641a6b3010ebd6619b68befb30b05092,1,boleto,1,48.69
5c94707bab626971391f6a6a31ea75d2,1,credit_card,5,264.39
4d6de9e9aa5820e340e8438ed218931e,1,credit_card,3,35.04
1aaf27bab389531a50d1a6b86c24e6b7,1,credit_card,10,968.93
5a65cedc025f607cbdb4c5219f648ae3,2,voucher,1,20.0
748197f229fe836211d7e6df5c1a6a8a,1,credit_card,2,35.78
7f126ce314da7b5c37034cc7b24873a5,1,boleto,1,80.98
ef814f60d8d32909ecb19879c24c1f53,1,credit_card,5,297.14
169d7e0fd71d624d306f132acd791cbe,1,credit_card,1,98.33
22959002637f051e9409b93827d07973,1,credit_card,1,194.64
fec1d373884203520e92cfade36fdd16,1,credit_card,8,108.19
c40f686ce1817e9bf3337aa222740abb,1,credit_card,2,130.93
d6bb547da098f595bc40f00e2d38056e,1,credit_card,3,80.11
f64b83793e14a3c7d580a03a6c7d6168,1,credit_card,3,49.53
21387c13929b880edc728f519f72f0ae,1,boleto,1,81.89
c4e980a1d822db426982878b3cfdda6e,1,credit_card,10,674.33
dd0772fc1baae39225ffcb43bbb71a99,1,credit_card,2,139.27
f0ad6b89b7bb4a740b8121a4a69511fc,1,boleto,1,114.68
9828f937ea8a8105f999b119b9d677de,1,credit_card,2,25.88
895ab968e7bb0d5659d16cd74cd1650c,5,voucher,1,2.61
66d105a8f0f6727acbe752b4da6f29ef,1,credit_card,2,94.47
363f8154ce0860b9c0c5a4c09e9f619c,1,credit_card,6,189.26
f70a0aff17df5a6cdd9a7196128bd354,1,boleto,1,313.19
f08fc2a6ab902c89cb3ceba4c9daec6b,1,credit_card,4,127.92
fb4f1bfbc3032fb262e0548f93fe6087,1,credit_card,3,35.35
8fc1991bfbb78b4d939d11ffef79c398,1,credit_card,1,33.12
65aaaecdf5e260dac331f607d272278c,1,credit_card,3,189.97
0a33a983476b5e9f23c0fc9f95c9682f,1,credit_card,5,223.78
3c929aa6cf724e32eae163e008bacbb0,1,credit_card,1,126.57
f45e1a0f364b364c89d9a6d53a48deb3,1,credit_card,1,152.76
4705164b1aabb4272d1fa134828dbc1c,1,credit_card,2,203.52
05e8a1fd3d354369a3de6e7230a3651f,1,credit_card,1,43.18
e4ee5415a0143c9daddc7d4bc0fa0389,1,boleto,1,50.01
cf70b7c4ec0170d19ee4259edded4b00,1,boleto,1,147.34
20aa4f85b1ed8d98e5c742c1a003db9c,3,voucher,1,50.0
17b374e5c126d99970336dd8a72bcb91,1,credit_card,1,31.85
0bfbb90a7081700d37f79af63c088655,1,credit_card,3,34.09
b456629690b371c6797ae5ff45d343b6,1,credit_card,1,37.38
41eb344f9cf7ac9c3e8decf5214f188d,2,voucher,1,20.78
8d0900d0d09c0b9075a5f00513991a70,1,credit_card,1,24.79
8163efda614023e2abc96657b804f15d,1,credit_card,4,117.48
0ced505a94fa52355ca31070c281df6e,1,credit_card,7,74.76
c65ca254bd0c624c11dd60d92955c989,1,credit_card,2,137.08
f8bae43b5bec9eb0d3ae12b8d3b72884,1,credit_card,4,664.17
e9a94acfe5f03efa28ff033a79fefe8b,1,credit_card,4,204.07
7af09f41da0338028361e811ca9d4421,1,voucher,1,25.24
2095de529ec22771a4996c8ef81f6ba7,1,credit_card,1,19.42
734bd07307ae901d45f8380b8670c37b,1,credit_card,8,86.15
2792c2657bcaae781c8261d93fda4937,1,boleto,1,79.56
b009bb39092cf13a92060169b3d8bfc5,1,credit_card,3,34.0
b31c6094960eb242c3513d619998cb6d,1,credit_card,2,72.14
3b28f0058ea921e275c87efadc8f7c32,1,boleto,1,37.53
c6df20907b36a49402c4665cd5a0ce8e,1,credit_card,1,60.57
58091d2b77a13202800dfb2a00879f51,1,credit_card,4,173.23
7146211691a9d909e75c0b7458b1e125,1,credit_card,10,205.5
3c79ec251c0c9e0831dcc2cf541c5dda,1,credit_card,1,53.01
39278e2718c6f2a7b23e42f955318fcc,1,credit_card,1,45.46
a3a97bc6e236d5351537c8f466c34dad,1,voucher,1,8.33
bfa7f4169cb6c6e8221434275a2a0ab7,1,credit_card,4,91.12
a1370d5fa6508c13787ae000e5d2ad77,1,credit_card,1,37.58
d32c8abcdc749f46da62424028a3aba0,1,credit_card,1,42.4
529e1bb30ba6e4c420219a539593eee0,1,credit_card,4,75.17
985db56d4cabd2577d0960194dd2cd5a,1,credit_card,8,154.29
537b641a5a1d26552c4354d3ee35c7bf,1,credit_card,1,87.15
4a0b498204bb56ab863db1f1acd84288,2,voucher,1,133.98
b5247833e91b546f44ba90190eaee96f,1,credit_card,1,8.33
9321040d6f0176fc3327a596dd023d6e,1,credit_card,2,71.07
2dc8d02ac9a7d375b768d6a6355f7eac,1,credit_card,1,36.75
63b490210af6588f2cefc015579a923d,1,credit_card,1,85.75
223cd404de0ec7eabc319bed69fa1079,1,credit_card,1,95.22
6b64cb311a0d5baa18bc37ead02d657c,1,credit_card,1,55.91
d9c27eceb93c734d5711f417a691e904,1,credit_card,1,132.1
63f5cc3a2a31c01c270d24d397a54274,1,credit_card,8,962.41
ba6ceea3a35916e51113b91f726b1f89,1,credit_card,8,195.91
f68b65695da2c7beeee466ad1494f0c2,1,credit_card,1,75.18
905f99d528bb299e8c62c67657cd8ccc,1,boleto,1,192.66
9ba6ed4d05fa307089d6c81bd8b8400c,1,credit_card,1,73.34
1e7666fef7090957578fd3a4b58cf9ba,1,credit_card,1,40.28
c2339bbec3aaccee5dfb887e03903617,1,debit_card,1,189.0
b98085eb7a06a725fb101c43ef721275,1,credit_card,1,35.77
32f1eaf64e65f64c1f57ef1612431740,2,voucher,1,4.59
6ff68e4d7ba469f258223a389f864f25,1,credit_card,3,139.24
1184c1bbcfb488132ee2bca2c07cd743,1,credit_card,5,59.87
094fe1a1311bdcff558e373c756412d7,1,credit_card,8,664.63
eaf80141a987237c1a57a7aa5f61b937,1,credit_card,1,112.02
ca2c48ff635d7bd831194de9207ca62d,1,credit_card,7,72.43
a7c6365fed8c291cfac8b74f173b7a4f,1,boleto,1,52.3
d60af32e2107bccc3efe66e3faad59c6,1,boleto,1,143.28
24d505034382a8c43dd5524e1b4eb3fe,1,credit_card,10,446.22
a56e54593f2c7f2b10f69216a7265aa5,1,boleto,1,222.13
b5bccf69e002eae737904e21c79ad3e6,1,credit_card,2,155.2
241a5c06b9d7d5cdc9df0d2157f5be9e,1,credit_card,3,267.12
6a8074244958b34abe3e949b948bb9f9,1,credit_card,1,119.77
f95d91071966bc70023eae0e1750c1fc,2,voucher,1,91.65
b785c9a36593879a9109ad7539f2467c,1,credit_card,10,274.82
fa80427bf128feea66cc6b564e939512,1,credit_card,2,60.44
109294a0d68947b6b49c0a59a8f951cd,1,credit_card,10,175.68
188c1ef63c6dd2e06120da3ca750e86c,1,credit_card,6,126.22
4ba72cb793dc362c1195e6237b2c936f,1,credit_card,1,72.77
1a611328643ae11146ba09a4425d2e12,11,voucher,1,6.34
1f37d913f46f90c082f6bb4996c3fc9a,1,credit_card,1,87.82
e5882de2409ffb5a26782367e95b91ba,1,credit_card,10,1384.73
e73eb0a2c088eec6c479d66ac0d910f0,1,credit_card,3,65.09
eaedbddc7cf568f1b667398781159118,1,boleto,1,59.34
2025b5bad835a500f8422436e24bd78f,1,credit_card,8,351.48
3030f0e22d19c6ba1366d9628972bec4,1,boleto,1,72.14
cbea2c5a36ffbfc6447172746e0d9da2,1,boleto,1,150.74
03a54d3b0f15ac01bad656997420d3bb,1,boleto,1,81.42
43542fbe2e7b735e5db10cb3588d63d0,1,boleto,1,41.0
8a7074d44436c26d7e0bd110395d0fe6,1,boleto,1,90.05
e9e1c2a9c614341310b6e0b494941036,1,credit_card,8,167.18
cacbbea6c8fa8e5cf10021eab8a162d7,1,credit_card,1,96.96
ddc6de714ab6793dd55ef3b191352906,1,credit_card,1,45.54
e0c8a0e62ecd027577c1cfdb38c8f1ee,1,credit_card,8,166.4
1bc003426b11b20491aa5b7810c9cbf2,1,credit_card,3,39.27
4fc0a813a474373185c8f141a18878b3,1,boleto,1,155.39
ceebc99a4b5d7dcfe5b9557acc7f26e5,1,credit_card,3,108.16
5c60e286915180fdddc17760d914fc1d,1,boleto,1,94.74
b1ccda4a09098702b17f54b190200b52,1,credit_card,1,200.21
22ff7c206b68858435452298296c2fcb,1,credit_card,5,50.86
f51e3c7f79d1e2c076acbb6af1588b95,1,credit_card,1,130.22
300ddfe520bd71c223ba642400982151,1,credit_card,6,128.44
5038506ec2dd435985c9a1b5a092c82a,1,credit_card,6,882.92
5f0fe7d686b2878d9aa1a72dbd9b72ce,1,credit_card,5,336.08
a6e88e8981bb9dbb574107cfd606e4ba,1,credit_card,1,76.66
8f674e19defa0b20b6d47b6267f5c847,1,credit_card,2,160.5
44ccf756bc48c94e659d97924203664c,1,boleto,1,131.18
67cb060da41114f8464b736e9e49058e,1,credit_card,3,93.94
8fa7a057aba83c859446538740219b6f,1,credit_card,5,105.28
54190ac792fe31ba85861d9b8c5109c4,1,credit_card,1,8.39
ffabb8ed44ae4f83efd9d206904d88f5,1,credit_card,6,462.54
502d64f8c5d21236249b9696338751f9,1,credit_card,6,103.11
f49d6ccb4f36a6204ff06cab948d268d,1,credit_card,2,144.76
eab0944c40c304c769e5c24309caa8cc,1,credit_card,3,48.62
441972a5bbd51a10459a487402076942,1,credit_card,5,74.51
01d5897e2c8a23b37ec65e0e72fbe956,1,credit_card,3,67.21
06e83e2884ecfcff09067ddaef752b49,1,credit_card,5,126.92
dbe715996d171c4b2877daa01c0d6aca,1,boleto,1,48.0
03952349aca310eeba691019501388de,1,boleto,1,102.74
f1a2c0aa708e55ca4ab35b96f89c9aad,1,boleto,1,155.96
be6eea060429ae021a46df0a1990365c,1,credit_card,4,59.85
d00d6712bb15e2f5c4c1766b9f60f43a,1,credit_card,3,48.3
a68b3ae8450a14f9ba0cc1b53574af62,1,credit_card,10,151.63
0fa05bb83efc10205ac8f4224f10c336,1,credit_card,3,147.59
02ea547b6d2ee25305588fd50df58b46,1,credit_card,1,39.64
5cfb7b2cbf52f4ff3ec4b58f69b02351,1,boleto,1,200.44
1a46a59c4c13f2c52e453f8f490b7840,1,boleto,1,130.47
1407ed7d738d943469994266e9706b46,1,credit_card,8,1260.76
9571cb862acb9ac518c76590d0fd79bf,1,credit_card,1,235.28
a913ec1db6048950ba773ec6b408eeba,1,boleto,1,114.79
cf3bd7d805afecc817b4c3abadafced6,1,credit_card,10,529.86
6d9ce5b5461904a50d649dd753f6b5a1,1,credit_card,4,99.65
fd846a883eef31061d47f7d1da654880,1,credit_card,6,371.91
0c4d07bcd65a6ce95cbe8e8e228a98cf,1,boleto,1,44.52
ada2aa22aa5d4a7ae4092124f8974813,1,credit_card,1,69.73
3a1a92434eae60a4f44ad7ebef65c3e7,1,credit_card,1,254.58
6b0bd2c2e59c7fb169874fbfeed4441a,1,voucher,1,51.75
f063433055bc159629f5b86f7d86dc38,1,credit_card,1,51.59
89b5116dbbd69d3d03c3c5571b1e1c62,1,boleto,1,103.07
c76a6443089b04febab166dd0156c5f0,1,credit_card,2,144.99
edc438144eedf58c321995efd0225e19,1,boleto,1,68.45
122154e627ed5da2a413b777f408b840,1,credit_card,2,60.05
045b7b7bf230ace5044f87ad5de18dd0,1,credit_card,2,26.85
9cb4982223168ae7d72cce4d255f4fd9,1,boleto,1,61.32
373fa646df70e5064388905c109571ec,1,credit_card,3,66.94
b14149872b01643d235710d4a84d55da,1,credit_card,8,363.2
df4a5680a53eb14aa69c035b1c759413,1,boleto,1,213.2
71a2d0d183bfb1065bfa35ffd449471a,1,boleto,1,52.39
6a9521bbff3e1aebe4afb832cc7a23ba,1,credit_card,10,119.26
4d9190887b47ff1b89c657c788c038f6,1,credit_card,1,2.67
79ecc3e68b2d54e056223964de8bca98,1,voucher,1,136.41
6e8bc07b95e2bb07cf9c1fcd3684e34c,1,credit_card,4,63.35
54e78383150f4a775184e7e32ea6ce09,1,credit_card,5,135.49
455899b7472d7821875298e00590ba15,2,voucher,1,18.65
1a5eb6a556b01596eb34c82baa91e160,1,credit_card,10,520.29
cf32d57010a44f75a008544d13445ad9,1,credit_card,2,181.33
6cb37002aac9e0a0d9391f62e860dd7e,1,credit_card,2,106.87
9a602b72c06820975aaa136e4fb793b5,1,credit_card,1,24.87
63b0abee9c82e79c3b6e860d070f2c62,1,credit_card,18,1232.85
395cdd6553a4735ca1839ba756f6fbaf,1,credit_card,4,138.99
3464de846f6595e07bdee9f5a234743c,1,credit_card,10,166.59
51f0c74a5a4bb9d033837707f629b9b9,1,credit_card,1,108.44
1d2405e906478ce05adcbe8878f77bce,1,boleto,1,238.69
9b065fb66bb55fb371de21a292a25d63,1,credit_card,2,102.03
005a1dded353107dbabf8ffc83a20365,1,credit_card,8,89.28
dd2a455f0d35a5d964808c72c38a36fd,1,credit_card,1,97.04
6c066ac65ae3a217178d6e90f682be03,1,credit_card,6,147.78
cb61f25ed186c04d0a96e8830a3078d2,1,credit_card,10,410.69
a731c3a7a6915d1e0a711b745f73bc49,1,credit_card,2,1228.03
741a069fc52eddb1d68654722abace52,1,credit_card,3,66.23
15de6843350851629a5466a37d2b3486,1,credit_card,4,108.44
ea4e089556ade3cbdc7c70010163b723,1,credit_card,2,44.54
aa2e4895f7a5c83f8eca905a39bde26d,1,credit_card,5,188.34
939fdd4ebbc9d67bd8074c97e6ecff63,1,credit_card,1,55.04
1d1a241bc979244649c42261b4edf004,1,credit_card,2,51.01
b22d5e326467a7e6ce236f3bc54bfde5,1,boleto,1,154.99
f2bfe3600bb3d144185db9ec70d8467b,1,boleto,1,88.52
31bfcb30bb17876d402e178810ac042f,1,debit_card,1,95.22
efe5d91d523dcb8acc12b56d74523979,1,credit_card,2,87.62
781deb650ad035019d532569f8ab3072,1,credit_card,5,62.41
e74ec53d6094ebeeefe46e785d0eb197,1,boleto,1,147.13
a122cfd6bf1027781187a1fec2f24ba1,1,credit_card,2,99.9
63b560062bb9ccde4a2b9e9d26b39486,1,credit_card,1,197.58
7dcb67f9ced1540f42924057d11b0d6b,1,credit_card,2,65.69
421458b47a5a081467392d21eb42aeb4,1,credit_card,1,4.03
2afae7f170a9a4b132f5d26a2aa53feb,1,credit_card,3,161.54
fca018a47e2170d1f13529d7542d6438,1,credit_card,1,52.37
56474ed1d027aa1916357d337c62ec41,1,credit_card,1,99.74
f325a745f44598592ea78a6e64b589b4,1,credit_card,1,34.65
9bdc4d4c71aa1de4606060929dee888c,1,credit_card,6,528.78
0c0aeabd6ae9d7a303af615334a220d0,1,credit_card,3,342.38
af79884abd4a25e4ed96f94bc7db48b3,1,credit_card,4,142.12
78008d03bd8ef7fcf1568728b316553c,1,credit_card,4,233.29
c0d8c763cce5b3b4c2fecafbcd779012,1,credit_card,2,238.0
dd94f2867bcd2be2229f44d7a0df4e5b,1,boleto,1,56.92
aa390c2a8b1889cbd84765ef2268fbcc,1,voucher,1,7.21
a7c17d3f5f5c9612a2bc81be1aadcdeb,1,credit_card,1,63.27
64dca5c8f3f8a2c183455337d46ce896,2,voucher,1,100.0
8f20a2bcde63b6e9b1d88a8b7bb9ca53,1,credit_card,1,60.59
1c1c151fd9d7a589bffa44635f4f1310,1,credit_card,1,45.52
0791c9a8e89bfcc422ab718dd43f2dca,1,boleto,1,50.09
6706f390222e7bc202b12f387ecd6e29,1,boleto,1,60.65
894d027fa4e4510468b2b7bb87e15c56,1,boleto,1,122.98
297dfeab4cdd5749b9d6485e13e89877,1,voucher,1,94.01
4000f82f3395a0f2a5ad6a4e32060a66,1,credit_card,1,83.23
633c2a967fccd6310a2cc20c2e696060,1,credit_card,3,177.14
47cb4463bc05e404b98e743111a61378,2,voucher,1,77.94
2b877f0d1e2a876f0e5cb30125336a8a,1,boleto,1,130.01
7b966a23d891f3f129f1bd76dfcfced9,1,boleto,1,82.43
756707b801841459446c7e0e8c0862bc,1,credit_card,6,80.19
b8dd3c581f151ae1f4a0b011b0715eca,1,credit_card,5,175.99
129752a77c2cbf91fc9892660f83dc79,1,credit_card,10,225.79
bf101963374c9a004517e115644d0d4b,1,credit_card,8,85.89
6b13656ef58757ab087064a5a263441d,1,boleto,1,350.59
4bdcfd987a364d49dd8423ba6c971c09,1,credit_card,4,98.79
6fec4ed02a4de8f4e7e064591aa2c5eb,1,boleto,1,77.57
2b016617466b3d768cebf616e68a3983,1,credit_card,1,74.74
335323aed1f406d4ee11ba438e5de1bc,1,boleto,1,56.69
b49998737b7359ebe1b64b0b7ffb20f6,1,credit_card,3,36.82
3c0be21119f52aa359b9adc51824ac6d,1,credit_card,3,148.5
1c9d3054ad510a747ec88979fc23ba1b,2,voucher,1,35.29
b4ea6b63bcab8995631b98deef749657,1,credit_card,6,125.56
986da3ca575a68c698729794ccd67dfc,1,credit_card,1,67.76
f575b5125a609778241c26809da9ed2b,1,credit_card,2,20.75
9e8c40945ca99090d64646771fb19a6d,1,credit_card,7,193.9
d1c8a4c31e8c7baecf7db50c988e5527,2,debit_card,1,584.33
85d7c5b41a94729aa45792bc7b344b79,1,credit_card,2,64.62
a02c544d48cac6a9a9a21d5a33b8911c,1,boleto,1,322.94
deefddac1368fc8231f1db9657f5d69d,1,credit_card,3,188.01
2b1e4967ed6ca5b1edd58b616b4da7e8,1,credit_card,1,126.37
3778f227b2036fdc76e56d070ea45c8b,1,credit_card,2,47.75
e0e8821153a77c23ac4dd81c2e687ee0,1,boleto,1,65.51
f6ed6898419c893a57cd88e7dbbdb2c7,1,credit_card,1,162.26
6dc5cd36ae0ca772e70e387e25f032e9,1,credit_card,7,146.0
76496d7a1a246afac1bb1d67bcb31661,1,credit_card,8,342.02
330f4c4ce3d46e9f892b06e6f0bc9aad,1,credit_card,5,54.9
692bd5c2be36c7274148d55f3ab22edc,1,credit_card,5,63.82
f7e4c800bc4e2657a17f2928328fb74d,1,boleto,1,207.08
5d5bb894cb86c2b5aff1513531e63055,1,boleto,1,93.43
9d531c565e28c3e0d756192f84d8731f,1,credit_card,4,40.09
f544502f7cd11a14cdc792d87c7795d5,1,credit_card,8,95.29
45d6ca6a1aced4acda59dbae2035c8b0,1,credit_card,5,213.52
9bac85c16dd5e1a5836d8b0b9d8877df,1,credit_card,8,105.38
47c7065d871347ee5eecfddf704fb767,1,boleto,1,74.19
ae2fb0f5aec36b2a6b058602dc941fb1,1,credit_card,1,45.3
684efbf26d410566cf8506a4ab01bdab,1,credit_card,7,71.14
c1bc9f391d11c8c81bc4dbe49a6a892e,1,credit_card,10,197.19
572c8f79a589e5ab2a0d8eec910deec1,1,credit_card,1,40.23
e505d250be8a8291d1d8d96adf8c3539,1,boleto,1,47.09
e0ea5984952668059b3f3ef6a8554bb3,1,credit_card,4,43.22
ebdce44e563c1a59677857998ca312c0,1,boleto,1,102.97
7c70760bf2f07b0b31167c10f6f9095d,1,credit_card,8,298.65
37c5a6df9c11a51d43f647c3fdd0904d,1,credit_card,4,117.94
b669dbb8187ebd3a27a9d710d9e53194,1,credit_card,10,154.42
ae742f1350cc572e8e8c752625b53829,1,credit_card,8,378.04
b9a7b23fbd0e02128fe7dd7a9dc7b486,1,boleto,1,35.13
cbe9e2376e5d8de3c057ed58a638403d,1,credit_card,1,62.42
384305b9cfec8a62f309b5e5cac920bc,1,boleto,1,22.79
c22cb502f983d9e8e08a8b6cf5e78727,1,credit_card,6,861.76
974f9f87a3bad01b2ac72fe987505e9b,1,credit_card,3,91.18
c229c6a2f0ecb33d8e2779ebddec3a1f,2,voucher,1,270.46
999f2c3acec30e9b25d21ef56a233e45,2,voucher,1,47.01
9029e2cb1f2898b0ef72bf80e25bef8f,1,credit_card,3,135.77
89ce68f38090867719b22774f8bf5861,1,credit_card,6,162.99
126da462f642d99483c0691ac474c783,2,voucher,1,83.39
f274085054bdfe367afdee18bb4e5555,1,credit_card,2,42.68
0bd15125e46474dc9318288ae0ea528e,1,credit_card,1,67.5
d9fb924d08e165eff00a9745385a2a36,1,credit_card,10,212.52
71ee60584962dede5dd9685e8bf397f0,1,credit_card,5,284.9
ef3308b4c2a242ab54303e2965646069,1,credit_card,10,254.42
714e2644ab665027234ed7a6b3e82274,1,credit_card,6,66.74
451f91bceb227dfaad37f67168fbfd59,1,credit_card,1,149.57
956f15dfe9a7f2414a02c445fdbb865a,1,credit_card,1,77.06
6852fa728e2ac8e2cf24b939d7d9908d,1,credit_card,1,75.08
f1933830df4ca531d957ee140db7b1c4,1,credit_card,3,170.17
2b71ffffcf089d2287505f5b4441204b,2,voucher,1,42.36
a9b95188aba6b5eae1ff1239714f3847,1,credit_card,1,43.98
deaa5978bbef127b0a9c68e6a7f4c1e3,1,credit_card,4,47.69
3777a556763eb6cb59f7dd14e90c4ab7,1,boleto,1,69.4
138f3f66f9024197655880c8c010fd53,1,credit_card,1,69.31
675b0980a1c53e959dc721b6e608997f,1,credit_card,5,386.35
5444e454a2f7460db710141b6ee93990,1,credit_card,1,61.46
4d0de3f8be3ad40e85a5d6fe37054d9a,1,credit_card,1,86.94
36970c35cfe02cb355e55690bae4ac02,1,credit_card,2,179.86
9d39599dfc361c9c47a4b03d29938289,1,credit_card,4,49.27
bf7c6448537b35fcded92b0df9050145,1,boleto,1,109.67
57a82f32fdb1ce036662861d8dbb6a6b,1,credit_card,5,56.78
bac2b1fb4eb632cd04d6c26f47b61ff9,1,credit_card,1,44.95
27ee3c5633d367f617c3dd7c5037edd7,1,credit_card,4,56.77
d303e3573610c562757a6703a7b0f933,1,credit_card,1,70.48
f44cb69655f8e4d13e7aae7cdd3d3c25,2,voucher,1,18.0
60b8a11deea4c6884ae1c301e145f695,1,credit_card,8,85.14
4d11452ff6c06fef98b89c5f6512ef51,1,credit_card,12,128.17
d93b84ebf9409dbec57fb2ac291d9b67,1,boleto,1,117.04
bb94354031a1df0364e66b09e197bb78,1,credit_card,8,298.77
45356b921c317565a85a7830994e288f,1,boleto,1,32.7
84ddeab730355e225a171d7d4249217a,1,credit_card,1,57.53
82bdf2be6cd75f6a34999c235f18948f,1,credit_card,5,104.28
6a2726fdb7d200560870b229000f73db,1,credit_card,10,577.92
638a540852799faabe1c7c5647646c4e,1,credit_card,2,136.04
ca7e19e74d65b16d67b264b37172cb1a,1,credit_card,1,27.19
b6a5d12becb37fd570472afa5a0daaba,1,credit_card,5,223.69
6d4f15503da9e2e6278f57468ca35e35,1,boleto,1,38.13
03ecec245220b63fd7f68c1737ba99ba,2,voucher,1,56.39
804a79d234b0f9470b218e9abef45e7e,1,credit_card,2,678.82
e8596a031f6814efc9b04e857f053ac6,1,credit_card,2,56.6
2fbaa53206d7c894eb7fd3a28d5d5592,1,credit_card,10,234.64
bbfb434859fc673797c1040d267e342e,1,boleto,1,58.44
809866afc43dd3f06fc471f5eebe53e6,2,voucher,1,50.0
08273b57741a2ee2f20725323393b0a2,1,credit_card,1,252.83
c3e3277d66bf2f2038ae5a5ec155cb5f,1,credit_card,6,70.31
80c6a53cf1e905c00caa7d3d85a4bdb1,1,credit_card,3,147.81
d9e05f5c9c364436b18207eeff4f789e,1,credit_card,1,152.0
79f04f286db371d16fa7bb23b3ca8b5f,1,boleto,1,170.64
7fdefbf564eb66830407026a86005ce2,1,debit_card,1,248.71
8084fb81dfc973b3d492e788bfe45ab7,1,credit_card,2,66.91
5054fc69c589881f8e505d6362c8c061,1,credit_card,1,21.24
30028e2a89c8feb5f30ce00c5f3f2cf3,1,credit_card,5,163.58
43143868203ea734e8de41d2dfd4097a,1,credit_card,1,73.16
58df776da444438e064d1e4910f8be87,1,credit_card,1,63.44
85e84e0247a114a9d610cb0a24710ad3,1,boleto,1,78.42
4b30d547305dc914c94aaef8f842ebc2,1,credit_card,2,210.73
8eb851dc2ae7fb68b456ed19a5afcfaf,1,credit_card,3,184.52
9de93c000ca70a1ffac63cefe715bdf2,1,credit_card,1,52.77
f3ac96719aada8e7d197ff55ddea4d12,2,credit_card,2,48.65
29d86db6d5cb58b37df26cfa3efb17bb,1,credit_card,1,339.31
dcb51dcb7db5cd9a3d44ebf6002bc080,1,boleto,1,69.4
616b813dbea8acc9de0ca0380cd89b83,1,credit_card,4,45.45
068c0507e1af74b156beee1db2deed7a,1,credit_card,6,104.34
e54f60001872f7fc5d8d6d919aa0d925,1,boleto,1,77.72
dda7cf31684a98205550865020745d09,1,credit_card,1,51.73
ea3ae6fbee484133e325f4e1b984d108,1,credit_card,5,521.37
7729e4f24027d10a411f2ca08df03327,1,credit_card,2,137.44
e1c58cc2bf1f241d4ab2e557f7ab52a6,1,boleto,1,96.19
2ff28727dd7a3cbb51cf9b8053a7103a,1,credit_card,6,401.2
5c70dd56919e4ecb33f8d48067944b48,1,boleto,1,92.35
c09cb6b791048075a9d5047f8c5abe16,1,boleto,1,79.9
1fbb9a66c87d535ea69ac81a00f9867c,1,credit_card,7,389.95
9e8253539b3ac1fc283b3d570f7b53ae,2,voucher,1,238.98
aee9facfd58252a3edd95e9c3d6e7e1b,1,credit_card,1,116.84
f01040f161c801679c263084377b85e8,1,boleto,1,67.7
9b7e31b52614093d8662625b545aad40,1,boleto,1,49.4
93aa3771306828f17309cce989a90e5f,1,credit_card,7,70.44
8c81595257edb72a9b20d995eaae0319,1,credit_card,3,148.28
c932ba6d8ed80935ea754bb0bf682024,1,credit_card,1,55.69
7540eaa703ba0f9ab8cfb6ce7291a83b,1,voucher,1,194.42
0e94db37ea63222e95092a0f870f8e9a,1,credit_card,6,63.27
3e191ce3f3742cbcfedc1d60b15254d2,1,credit_card,3,39.1
49325c2deee76676f1abd4811847e835,1,credit_card,8,403.81
2ce7fb3d9314c0a8e4e8c04eb1224919,1,credit_card,1,56.9
2440bc295a6469fa10b79123189bdb31,1,credit_card,1,67.53
e5858127da61f07285827883e605254b,1,credit_card,10,114.8
2ccb6bec4f3730c45dafaa8beb92f482,1,credit_card,3,370.59
daf8742a55a82df5518ff49094a4829b,1,credit_card,1,39.78
0e3f0e36f889146f31ef72cfeb1a1d30,1,credit_card,2,114.19
a14f7f38d99c7aba5db1566db11660a2,1,credit_card,5,99.7
fdf9e48108cf744c38b7e25e1801e6c6,1,credit_card,10,819.35
675bc8cd15e6b9225582b9161288670f,1,credit_card,10,258.9
b0b55c59d28b64d3b611cb034eb9f1e6,1,credit_card,2,150.09
25b66d9cb3dd45d25788fdb3e226c5b9,1,credit_card,2,129.11
0199edc5b01351df8e73a674aa473ee7,1,boleto,1,101.0
3aa38f8fbcbf77b040c2e68ef4458108,1,credit_card,1,32.63
d5b8231ec694904371f3efcd3450ee94,1,credit_card,3,216.94
e97c5fb2b1ca5b5fd19f2c910a274e33,1,boleto,1,82.96
b79559dba6909e4d8ac0ddf501a99f14,1,debit_card,1,44.66
066bcda20b88b5f4d4870b32a387f822,1,credit_card,1,204.4
13d341318c77969f10d77e1382957542,1,boleto,1,38.86
b3108f27643eea40f4f48165e702ec26,1,credit_card,7,85.75
945552359381c20f8e692b034ba74c44,1,credit_card,5,227.75
9036c3ce0a28353732668a2822a0a1c8,1,boleto,1,147.98
913b2ec0a92a754a5bca7ee6169147b5,1,boleto,1,89.52
247dc699abf8f4b21d26f2bf1ee3aa14,1,credit_card,1,67.13
241d2c88c664bb5edb079bab71467239,1,credit_card,2,161.05
4660e507473035f4db5f153b9cfd0c96,1,credit_card,8,278.66
65272dc3f6aee70b17f962df52f16f73,1,credit_card,1,83.73
0f34156bfdc1f9ea431eebf0b9343d42,1,credit_card,6,114.51
102e0d3cfdd667c3bdc41494ecbf6db5,1,boleto,1,303.42
a3f904ec7f40c56ce2987ccb9c73d4c3,1,boleto,1,94.4
0268f664f7833aa949da2eae5321aa5b,1,boleto,1,34.64
46484009102069e531f34a424a500982,1,boleto,1,130.09
967ed7a1aa1d6b190c903a3daa815f02,1,credit_card,6,212.46
2e024656807ffab9d81af39abd9f18b8,1,credit_card,2,113.6
7d39421ea5f060563a2e6682058e676f,1,credit_card,1,154.73
329b935dc9e117a0a15ea77fba51e1e5,1,credit_card,1,34.77
b538efecd9ba6d45acff500110ce1e45,1,credit_card,3,33.59
31419a94f3447056848ea2a664a7ef72,1,credit_card,10,1158.99
a2558c154c13e3fbf56a48c8b364ba1b,1,credit_card,3,73.37
b370e2d776f17cc50260493b2ae2d4fb,1,credit_card,10,1097.7
62f808f5e8babdf5f0092f748ce5b554,1,boleto,1,43.47
fb8b96cba85572e4fbdaedd04f44fdb6,1,credit_card,1,144.13
31725408e39733c6fbccf9559d25f0e4,1,credit_card,5,264.54
ccf804e764ed5650cd8759557269dc13,18,voucher,1,1.4
b5e8d13478ad66ec57d480c9e00abb39,1,credit_card,12,1228.73
6d885151b431516792fbfc7d393c90cd,1,credit_card,2,163.7
1a5e8ff5b36ddd03ce826651c129a760,1,credit_card,3,313.94
408c34813cf30f96dc67726e1b5e78e2,1,credit_card,1,180.77
bb411f818d648fd911d5c0d473ebcf19,1,credit_card,1,137.3
c43d9824271456d761379296996811fc,1,credit_card,2,71.07
a07355f9fa72ba9605c5e87a93ceac0c,1,credit_card,1,77.57
328992b5e36f5977542f8aa16b0ed161,1,credit_card,2,56.94
db655922543a6cebb4a48f8290405a60,1,credit_card,8,290.86
2ec51579f21b9d6da3f417e7ccea378d,1,credit_card,1,137.73
fe1a5360c2abc136a4ff63ddb09a33b4,1,debit_card,1,55.28
1b1cfac7fddb9f3b9f9021fd182a557b,1,credit_card,2,149.7
2ba7606d460463236bcf10ed3f6510d6,1,boleto,1,63.59
a622a08f7c22608bf1f2c546a830de74,1,credit_card,1,105.28
9710f97e7fb3ccd742ef8b5270d8d78f,1,boleto,1,70.43
c528ee5dbc3b0873c3eb1a25c860fd97,1,voucher,1,210.22
b02983703060845dbc7fe979ceaf2c3b,1,credit_card,3,34.01
4ef8f514f95bb0a41f58965ea04e7027,1,credit_card,1,49.1
b0ba32a79f83ef1ae43216095e1c9ab8,1,credit_card,4,40.52
40d02570e7ba8cffbc6770b392dbbbdc,1,credit_card,5,218.13
201776a9ceca3a375c7e32fdb22c9675,1,credit_card,4,163.81
08fa8b49ff198d1332df4668087150ed,1,credit_card,1,6.59
dc9470b246bc5c83e5e72f1897971fcb,1,credit_card,6,68.8
5aa709ad0b286644ffbb7c9aa6a1db27,1,credit_card,2,295.26
7fbe250d2d22b8976024eee98fef9cef,1,credit_card,1,60.26
2081888273614ad809543f519e949fc5,1,credit_card,3,66.69
8606d6c4cecb397228da8411e644a5bd,1,credit_card,10,525.61
84bcc016602d9c00bc5178837cacf7e5,1,boleto,1,102.03
67d83bd36ec2c7fb557742fb58837659,7,voucher,1,1.27
93c0ee237d690478ecc66db76b8365f4,1,credit_card,4,41.84
d4af27263fce5b006a6818766ed90fc9,1,credit_card,8,171.87
3ad7eae98c8f120f7a4e4cc64f4278e9,1,credit_card,5,56.43
ec3321f3f4d722104c66e3935b6f1d0f,1,credit_card,2,80.77
af69a0637aaba8092dfd96632cde5c69,1,credit_card,3,188.2
3c5aa0dc3566dd7512023da4920de6d3,1,credit_card,2,195.89
4569b648054760495d7fd67996def81c,1,credit_card,1,56.17
fc28aed78cb8bcd22a7dbd82cb778946,1,credit_card,8,517.59
9bfee44b6fa92f64b8dcc72d2170686b,1,credit_card,4,41.1
c627fe35fce1a754bc5b812d0b8ff379,1,credit_card,3,206.2
357fd478aabae20e8548661577688175,1,debit_card,1,301.0
819834742179a50790827926997ca8dc,1,credit_card,5,89.18
3d356b012ee1e4e469b7b56910afdb6e,1,credit_card,1,81.51
beb19a07c97b17bc12756b493b5d59c0,1,credit_card,7,86.15
b54127e9193743bfe17f7e5d91bb957c,1,boleto,1,69.17
529c56bdb881d790cc51c6eea4f7b004,1,credit_card,1,162.9
c0fc9ab7bf56d900f1456a75b2cb5ab9,1,credit_card,8,192.16
283882195739ec4b5092b247f052f6d6,1,debit_card,1,25.41
c854a1f42d7cddb25891587ddd91caa6,2,voucher,1,67.62
8767502d7a9773e1e273dad1fadea8e0,1,credit_card,1,34.78
ca2f0670d0d753e332c0ae97f466c9b0,1,boleto,1,124.4
dace8fef361782cc885129d17c2df11f,1,boleto,1,71.71
31fbde650320b9ce55813e075a78aee2,2,voucher,1,96.94
95eba7f91699dbaf0acd3ab3f70785c1,1,credit_card,5,293.95
a733d8fae1088107bd126d4afc3b4118,1,credit_card,6,66.6
1ad9392f23bf7f28facc4ed0c2fcb7b6,1,boleto,1,141.66
28771164ba46e7264c7fd2262a34f207,1,credit_card,3,66.01
0e1f02c51187a6a08aa473a3a0f3bc71,1,boleto,1,135.08
d1036b47b42a66f67a5c1b350697ee26,1,credit_card,2,43.38
076a94fba0a6b3a82345423e9f1bd3dc,1,credit_card,1,97.71
88bfffb703ac4ca796838e203eb033b2,1,boleto,1,66.93
92841cc24435590294fb25f6938e295e,1,credit_card,1,150.05
2cb5d5cb410ad0b66df87bacd021c021,1,credit_card,4,183.79
1e8b5739cd3836175c13682f71530a85,1,credit_card,1,22.29
7a82d6437abb93a8fb527f64e86cd407,1,credit_card,1,87.16
484dd80590c70c987e3f3a2690673090,1,boleto,1,611.68
00f324f6ec332cd73ef8be4888573662,1,credit_card,7,156.33
91a96b5defab51616ef57e6b57d47969,1,credit_card,1,40.45
bebb91d877e74fcb3c9b0cf03d7f6e4e,1,boleto,1,55.01
ed6276997e362e1ac151005a739fd684,1,boleto,1,127.45
f7ed76674fc0dbc31c2fc365c0b1cd8c,1,credit_card,1,139.86
73eb70779d3a8a4647f8ccf9c43d2623,1,credit_card,1,257.77
1f297fe93c435a51586ee198938876d3,1,credit_card,1,30.75
efa916a75b5d88fd21c5e217c691e81b,1,credit_card,1,6.17
b74b01e1553f1129b7aa5c0b73016c62,2,voucher,1,80.49
4edc23a0671e228fe1707a4783161ce7,1,credit_card,2,127.92
c7e5f8183f0f4c7cc783a31e32679e8b,1,credit_card,1,88.49
617b88590cdd5883e40eedd5ecc48026,1,credit_card,3,33.35
18eb75d1fa1fc1168de2bb0c4aa6dfd6,1,credit_card,5,169.99
046cb513a5ed6d4f7506af8f88636609,1,credit_card,2,69.06
8c8005895f46f6c1bdf16697c70e645a,1,credit_card,6,159.11
de4c308ea3f72fa2d3be68d18a2fedb1,1,credit_card,1,30.75
517a1bc05da7b712cb2580d142b0cc4d,1,boleto,1,117.85
9f58353e16353e64bf57e32e6dae9e45,1,boleto,1,77.57
f948e30320e56a553862b62e5ec37efe,1,credit_card,2,235.13
68d8838c90191c81a8e3e1273e230414,1,credit_card,6,83.25
848a8ddc7852a84bc58017be865b58f4,1,credit_card,1,117.06
8585531565f837954132c3e78ff8afc7,1,credit_card,3,79.14
611793bc968aac5d1a9c623d1ab8aea6,1,credit_card,1,144.82
844e12775ac8e461b63b4b1d225bb53e,1,credit_card,3,33.99
a4ce473749f3d49434d83a58607881b6,1,debit_card,1,162.25
6b89a78e042eff08232ab1fec808a30a,1,credit_card,3,147.23
7d1815eb5b915c108c7cd16f13c41a37,1,credit_card,1,192.11
23640e7307c51b05dd5ce3b34dbce5b7,1,credit_card,8,85.81
2143f0dfdbb1c47ab7c75c9c097e0173,1,credit_card,8,329.97
c5b995b4c805bdd780594d6bbc69f6e9,1,credit_card,1,85.16
062e658558167913d261c1089bf9357c,1,credit_card,4,153.24
2468e620a816b687f5dc6878e7d847ce,2,voucher,1,46.68
a29bd6557706ccbbd2ef759fd491a67e,1,credit_card,1,153.8
b092f855f854296456449a63d86e1766,1,credit_card,3,177.59
bc7401d98fe2814849de2404e3ebd9ad,1,credit_card,2,116.0
760e70b6d3136376633a2c6369da1c69,1,credit_card,1,162.83
7064a07883ee3b4bb82d7252c3519546,1,credit_card,1,19.33
9e677b4bbd5d55506d4d8f1e5182dcb9,1,credit_card,3,33.16
3e92efabf5eaa46e4ab7f20a10864785,1,credit_card,10,189.61
05e9e60e8b528b3563a1b1c2e8cfa64d,1,boleto,1,274.15
23f912e63532618fa04e0f945350c85f,1,boleto,1,540.08
c2aa77318ccfe5fea754a5d1c2ff1544,1,credit_card,2,224.97
8624d8f9a994ef3cd1792ffe142b412d,1,credit_card,4,71.63
20aa4f85b1ed8d98e5c742c1a003db9c,4,voucher,1,50.0
90eca4d64c7a259032121fd75766d408,1,credit_card,1,51.32
ffa09361c7e09f1a6d067376a07455c6,1,credit_card,2,65.94
fca7b989b55ec495fc04ef8344bdb7d9,1,boleto,1,198.59
05248f2049e2194bcb2108983868308f,1,credit_card,2,72.67
e15b3513c9d37fdf4a36b88911a5c515,1,credit_card,1,86.39
a5f93aa1c000c4e41196ec88fb378954,1,credit_card,1,29.0
ebdc1743a498b33e5f50d4270c117175,1,credit_card,4,142.81
3ad3f961be5de9064df7ea138472ab70,1,credit_card,5,77.57
d3a304fb1d9ad51a7a3b9d23e7d82bbf,1,boleto,1,40.39
f6e7b3bbe5b5e480084e5f0bf5771ec9,1,credit_card,2,128.65
297358750c4d97989ee76a22ce38764f,1,credit_card,1,115.13
4455bffefa49b2524e0291440b78b02d,1,credit_card,1,43.17
a0d31fc7018373aa3c492734af6f5d41,1,boleto,1,40.88
ff36f4d6d98c0b2a7e70acb7d1b3f139,1,credit_card,4,166.3
504eccaee0973a1297b1b3a14bd5c980,1,credit_card,2,34.47
62c71810c2add37afce40e5e272e0544,1,credit_card,3,172.66
08204559bebd39e09ee52dcb56d8faa2,1,credit_card,2,103.28
045c9852284420b9c02d156436e1481c,1,credit_card,1,55.13
84f90621af2bddd49ddcccdf6b0b698b,1,credit_card,2,151.74
1164c7cd1bc7ce2567ff3159aa3cc51b,1,credit_card,10,654.82
46fff4175620a3642fa1a015171ad4c8,1,credit_card,2,309.18
c6eff5304f4a38da67159a731ae50674,1,credit_card,7,73.58
7747943a54b29512ff1101e3881e5df9,1,boleto,1,276.18
5dd92537254a116aef59638c895dc4c4,1,credit_card,1,99.34
eedd2c731f831901b30f93fdc7416ec2,1,credit_card,4,43.22
cf396e4f907df065cc3d876bff73266a,1,credit_card,1,58.16
5d85e4fe11a0d403cf1313108b0ee754,1,boleto,1,109.79
5ddea4bc0239f874cd7d6fd398d6045a,1,boleto,1,131.25
f6e3e88cce05228735d1d123916961a8,1,credit_card,1,50.1
2f294840fea106bd571d9753ef8decb0,1,credit_card,1,29.1
0a9d793da20eb89ec326c840c46d7a9b,1,credit_card,1,37.77
6be7d999fa8bac782218f8e6281ff562,1,credit_card,3,119.63
b613ca30bb66f74ea668acd6bc87b51c,1,credit_card,8,274.71
42f411d422812629088893b1dcbc9749,1,credit_card,2,66.69
d967b02c8e9ac87edb380250c652a6b2,1,credit_card,1,96.7
5dee8eedf4516e7562d1ec0f62833392,1,credit_card,1,203.93
beb0c6412a4fab0bc73cbebe972365b2,1,credit_card,3,169.87
05d4aa8f649013fe68b769fa43ba7646,1,boleto,1,48.62
65320cb291f4cacd8b0114a29eafa4c7,1,credit_card,3,34.89
61d492eeee5fa1a86cd52846bb08fc37,1,credit_card,5,133.2
a8c151e54e03b53004b0e1c8e7bc033d,1,credit_card,1,22.39
94f07507c9b68ea4fd0a02fdba2a6fdb,1,boleto,1,40.6
e1be3305b8d5ce4a075e7795055788e9,1,credit_card,10,194.37
291db83cebe0c7179310b62e0a7e2714,1,credit_card,3,149.86
47c343d8d62ab013486081084cdffa2d,1,credit_card,3,285.7
b67ec52e59f354dc01f81cc0fea68f1b,1,credit_card,3,38.09
e2f77cbc6c09acfd09a1b89f50c095ff,1,credit_card,3,271.38
3c0b55362db9e4d58bc57e08f27bc7f7,1,credit_card,3,34.03
a6eace8d7affa686ec69d39f9c4c348a,1,credit_card,5,168.29
7c0ff60ea08a0885a1404c299f7ed4f2,1,credit_card,1,83.03
ae9cea7635a780b7d610e7f6a56ace53,1,credit_card,6,226.95
dcd55caf6dcb4c4a54e6f09eecdb4822,1,debit_card,1,25.84
0943d27820129d9446a32ca20cf9bee1,1,credit_card,8,145.68
f294439a6719ccac91b6e2f25088dd1c,1,credit_card,3,32.93
67f05f6d7d84bf6e1abf7d7d8e8a41e3,1,credit_card,10,889.15
b5b411510c27795418ac5808a30054e0,1,credit_card,6,186.62
2c797872f1e3a01d1594281f5f3b7762,1,credit_card,1,79.95
d9e0e6c219155daf624e2cd31056d474,1,credit_card,1,31.88
1d2cab957f150e9edeb3e456cef96882,1,credit_card,1,102.97
c158e9806f85a33877bdfd4f607b72e7,1,credit_card,3,100.91
7540402478bad6d66e321312afecfe12,1,voucher,1,49.8
c274a2e17f75d6af15fc30bbdb0aa44c,2,voucher,1,60.0
68b4f0f2635234fcc9cbcd65b082e5b7,1,credit_card,10,156.49
599b4f476f3590d89be00a727812d390,1,credit_card,2,137.6
efd1e4f4a8dac1a7a89d72d8a683f6d9,1,credit_card,6,447.0
aea25973afa6e521393a98e850ebe672,1,debit_card,1,139.8
1758ad531fb74f63e2ce97f1791a1325,1,boleto,1,143.89
4fa933d3af1ace6329bd375b0be6398b,1,credit_card,5,52.97
eaaba54fc16f2f0c54cade87efc51932,1,credit_card,1,124.52
4b5706ed2d547df22ce04c0356b9cb99,1,credit_card,2,85.79
59ffc9b2c09392188ab671e0a67bdb3e,1,debit_card,1,171.34
e88333581538e25e87d48b2dbc1782b8,1,credit_card,3,137.75
dff50f88a838d34d966a0cf70f39a706,1,credit_card,1,78.9
b22f46d14bcfec19b69fd36b7c0842b2,1,boleto,1,377.46
093fb737d1bbfe9d3794b96acf28d546,1,credit_card,3,92.78
3bea71c4bc883f23291659b144e887a2,1,credit_card,2,150.15
6cb295459b579361f0b6186ce45a76e4,1,credit_card,2,68.43
9d2d64762e74b71c53ba0822341832a0,1,credit_card,2,223.31
1dc01549b7e7404a9663b7d77306c897,1,credit_card,2,100.0
d39a20e8a085ccb2be10bebd348614c2,1,credit_card,3,157.3
5a2aaa78e3c69a74dd64b28846deb199,1,credit_card,4,48.02
1832e58eef1866c5fbd21e7e927cb8cc,1,credit_card,2,82.16
386725597660fc7a49b706655de2ffdf,2,voucher,1,27.56
4bf9917773b973b77d02d12241387084,1,credit_card,8,367.11
4886c3effdbdd559f0f727957b9af0bc,1,credit_card,2,102.03
95e6c94960f10f4af53767f027c9eae5,1,credit_card,4,296.24
20e9f3d5d268869b86ccb6c13fec2dd0,1,credit_card,2,230.75
0c65b54ed2c147ffd0092eb2308ee63d,1,credit_card,4,61.1
8006800e5e68db2e9c4168dd8ce32b0e,1,credit_card,4,322.89
776dacaa12837ac069fdb198f46c7a78,1,credit_card,4,99.9
b2385a6b96543064201c7f066a2b9b56,1,credit_card,10,106.44
6098713f9480abe64f64dea083dac6b8,1,credit_card,3,102.13
1ada38b97a26793e53c1205050892669,1,boleto,1,98.37
b66034dfd4925b13cbe0fad3f068e618,1,credit_card,3,91.28
2c32c97550e1aef2feba6d0bfa3e2c37,1,credit_card,2,340.29
385a4528e6f5bbd617566cfd514d6720,1,credit_card,1,174.74
b986ced186e623c3fa979ee09cb4d300,1,credit_card,3,197.05
a2a0c616802ddf184bbf68107f4a9827,1,boleto,1,118.48
19c46428bc856e23d310e466a26e88b1,1,credit_card,3,285.76
b325a4afad33f2c09ba50df161457bdc,1,credit_card,8,138.57
83c76350df165cbfe7c4f88eb43c2f00,1,credit_card,2,42.58
edc531c3153d23614049077e7e1e6405,1,boleto,1,136.4
00e6bc6b166eb28b4502c1cad4457248,2,voucher,1,66.07
471f14841f8ced80a4c1c6dc08a32eec,1,credit_card,3,33.17
790bb4bb687fbe180a7a4228aa2c00ba,1,credit_card,5,167.88
d253964df13ce1e157cebc496a2b9017,1,credit_card,8,163.32
a57bebffbfa4ce3c72a856f94e1c589f,1,credit_card,3,55.09
4d15fa859019443a04411eea14fe841d,1,credit_card,1,66.05
d167a1099cf2b9ccd885c665394f5fd9,1,credit_card,3,70.82
4edaf27ed056e42729b2700dfd0dbccc,1,credit_card,4,87.71
181835eef0cb512ef4d11e3240815b95,1,credit_card,1,111.02
2a677120e5ddca4e25eea9768d3a67fe,1,credit_card,3,169.01
89e97436eb773d674dff53e707784585,1,boleto,1,49.64
91750e4d3d89e619cd557a6da400be06,1,credit_card,1,1.43
458fd3c506b852c0ceeb6e7c195ea437,1,credit_card,1,62.43
632d5f1544d56eb72ec8566d324f4d06,1,debit_card,1,27.75
cdd7d95ef2e9701ad29741c3f827bcd4,1,credit_card,4,141.96
74ebbb8c3eef6b29921c0022d89812f1,1,credit_card,1,39.01
f354a10235b5d253194c5285396abad1,1,boleto,1,217.06
5bf4e4543e94063b0fa469fd3a46e319,1,credit_card,5,59.0
90c1f1431bde35c669aa2ccb03f78553,1,boleto,1,93.3
4de19bb1b286e84a06c1d2eb2954b222,1,boleto,1,43.13
c8332aa7a15349000b30b596b50a98f4,1,credit_card,7,213.04
dc62c8d3266742ea5d47472b2c72b195,1,credit_card,1,169.62
c0bac39bc73eb88d7fe4e9d378d0b64d,1,credit_card,5,76.66
cf2c702bc3b60b945e5efb11e99c97ce,1,credit_card,1,48.21
5d897972f7c8ca3878faa6d297a0173e,1,credit_card,7,314.64
0c29ee02f432c35cb24a70317de6457c,1,credit_card,2,215.14
cb6dff9394d43eeebcff3c8caea9375a,2,voucher,1,61.37
6a5f6e137c8ecd4e1389645cfee6182b,1,credit_card,7,101.74
b198d16d5ba1cbacf02b4d54728314fa,1,boleto,1,365.6
d4861d672cf3a6d906cb2451d9265211,1,credit_card,7,143.77
a017bed18c5f129119f36a92642a1cc0,1,boleto,1,278.64
b0121f9117cd8f3e1d9fcfa7c21533d4,1,credit_card,4,815.95
96acc057158c055d3508b8379df12cea,1,debit_card,1,184.92
e11c61aa2d539f826865ea728496f6d4,1,credit_card,6,88.34
5374b46099586d58a0e7b55f0dd1371f,1,credit_card,4,45.11
abdd646748be1db80232f95e5f937154,1,credit_card,3,183.4
eb16f27e232c80b012a9b0f0d95a9f67,1,credit_card,2,45.96
00e365f4fc03d1098841af23d05c17a6,1,credit_card,3,194.33
e349cfe864fffc00009b4cdbdd3a95ec,1,credit_card,1,224.98
dc7ddd4a05f0c561ece12f352cc4cf33,1,credit_card,1,28.24
74a93edfa68b687b0e3697b4e20e4b80,1,credit_card,7,71.79
8944f7ffacbf68290782beb6f6d21ece,1,credit_card,10,122.46
eb3f49181d8f9fb967004f264af0b329,1,credit_card,3,101.2
82ea82026e50c602a0a88e158b8fa8d4,1,boleto,1,31.22
57017d14757e9d74934069673c5aaed0,1,credit_card,1,42.78
e413fcce1c572bf00dbaa61203d45afe,1,credit_card,4,50.24
a7224f3edaeba1830d4f98b1df4bbbf7,1,credit_card,2,32.42
eb23b9ffbd39df83ffd9b7e7dd6a00fe,1,boleto,1,230.13
2161b956d146a9bfd00fd463b69c6ba1,1,credit_card,4,89.17
f0b47dadd5f372c41ae2cab6c72877da,1,boleto,1,46.58
fe2a47da00335a2a5952630b366abb76,1,credit_card,5,122.48
412e78168592efba1bededb6122b7264,1,credit_card,3,51.87
4a91f42df2d4a84668e0c30d7880c7c0,1,credit_card,3,64.34
0573bd213dab1f238af912e296c83944,1,credit_card,9,96.8
3ce7418ccb9af136b4937f069601ab2f,1,credit_card,1,137.23
dc6cece6890d0a1710dff80a6f1090d9,1,boleto,1,116.94
0b365bbd59e2f75bea276c81bb916dcb,2,voucher,1,19.51
ececf780cb6aad2ed0ecc2d7f316a999,1,boleto,1,173.34
e35fda43bb9963155d19ccc348e92845,1,credit_card,3,194.24
73e934755292def8b6519b03f2230723,1,credit_card,2,49.06
0561429ac3333cdeaff4cdd6bd1ebfb6,1,boleto,1,51.14
9ae3c6624deb5b341037717c96283994,1,credit_card,3,201.96
87f5459154d93c683a3c80852ca35dc7,1,boleto,1,59.4
ef0dcf520a0a4634713a5ef4806433c2,1,credit_card,10,252.09
3925b740d70eb26c3aefd1cabe5c8143,1,credit_card,2,29.22
5b023700ca22594b76150412fb31d733,1,boleto,1,21.04
853468812125d147c0d34a9f11f2716d,1,credit_card,3,183.05
c5dad23638f05002b5af4579f0437709,1,credit_card,3,88.27
ae7dc97e75f7b915af6ef838d96df18a,1,credit_card,1,435.79
43b1a119dc947cc0fbf512a8763d2c15,1,credit_card,5,123.75
694c92324234f0d098a8766d1afa8449,1,credit_card,1,91.66
60c2fd4bd6d23ab4fa7a910b61dac591,1,credit_card,2,87.72
7ae485d40dde266f84845e1f34d74753,1,credit_card,1,27.77
aba560ab127e5b68433f34376747f9aa,1,credit_card,5,384.08
19642ea4acfa0cbb8b9a990449873396,1,credit_card,4,293.25
0e04c5cca5ec36abd1ab3b2c33fee74d,1,credit_card,10,163.55
58ddcc041323f47709f7e0b0a461c466,1,credit_card,3,193.41
e8844ed350d0a0556e982b89e2d727cb,1,credit_card,6,413.88
7f00712c268844b83fbb7db60193e5eb,1,boleto,1,156.4
6782d250639c09c7c4e49e3cf17828a2,1,boleto,1,77.6
b4e2b782ea1fa86d7abf9fc538af9005,1,credit_card,5,56.78
4f19a1eec8629269d786257709253fc9,1,boleto,1,157.22
2d268e4ebabcfdc515366a04056ae384,1,credit_card,1,96.62
a1a43def14457b1136b6fb625b7553aa,1,credit_card,1,24.02
77c885e668bc660993cbf7789930675a,2,voucher,1,50.31
103188b1afa4614c023b86344f79727b,1,credit_card,10,111.8
d8a3a8c458243721ca285392ac882c78,1,credit_card,10,425.24
6aa12b7bccdfe9396d5feb50030e1b3f,1,credit_card,4,86.02
af3825173c835f6748e0dfbbfa344d32,1,credit_card,2,135.82
21d032917e4ed1476f16ce92d0d8fdd4,1,credit_card,2,98.89
9fe67982918cf778dbf3cd0b582aff80,1,credit_card,1,66.72
c28d64b0e65c1fc17a65f6902f11226f,1,credit_card,8,82.56
810f2be64366fc23aa96accfc596ce3a,1,credit_card,4,205.28
60622e02fde39a42fe9654c41a6bba8d,1,debit_card,1,191.28
9cbc9568dccaf53e33a60ed966a8a94c,1,credit_card,10,162.15
5b93109649fd0855758bb61ef5fc3d37,1,credit_card,3,153.48
d0786289d91adc4ed348d7c1d6589013,1,credit_card,4,288.53
14d45fea1c20e4fd5c31dde983344115,1,credit_card,2,40.95
f59c32918a7251cf643f2ced55337569,1,boleto,1,596.27
1e4e642a89cc3c4bdbc8b9ac6299616a,1,credit_card,10,194.82
c6b834f817f95bd7f31d78814dbb14ac,1,boleto,1,203.23
a0f2abd22194d771e11728852ff988bd,2,voucher,1,77.97
dfd3b8be9c79b05f55241f6cd00a557c,1,boleto,1,168.45
b1503f3f344c66cf0a3bdc1e2a6e3fcb,1,credit_card,2,142.3
fbba9a57e45f4bd443598e6548ee329b,1,credit_card,3,84.57
a92eaaebe6f960031fa903ce6be59458,1,boleto,1,518.51
e5fe38521d772f4cd7ee3487ac6831c2,1,credit_card,2,569.82
9067ce8fd351c50adbb59319b9ef50d8,1,credit_card,3,87.5
20c9d2f6600c9b7f73d9d5f5c6314c06,1,boleto,1,55.6
b0e61103ba1dee7e3c3c31f68e62a3fb,1,credit_card,1,56.37
92719473371fb9439b386d53d12470a8,1,credit_card,3,70.15
a8afd16f413cdc294b7f9498e2ff667c,1,credit_card,1,66.22
06d77e4ba21f283252286b6a72fb8fe2,1,credit_card,5,96.35
a2f3817242b0d2b7404f5104ede3abcb,1,debit_card,1,171.06
5b163ebdd5ac559f04d06af2069e23d3,1,credit_card,4,48.01
0382a4a9c39917c21b842b7c15f4be23,1,boleto,1,70.49
f4a8cf5dcabdbe8dd7e65e1674db3015,1,boleto,1,158.3
6acb950e03dd47135b13ab25534934a5,1,boleto,1,55.09
18837d7b525922b9023193325e574a6c,1,credit_card,3,163.25
6df657a95f9bdff5c5c8552e4823d469,1,credit_card,6,61.74
a61122f2a4bb6c7479310694e0657167,1,boleto,1,21.71
4e9326cf30a794635ef805fca2801aaf,1,credit_card,6,356.88
03ef5dedbe7492bdae72eec50764c43f,1,credit_card,1,33.23
2f864e4c1471571ec2ea1476fa2ba42c,1,credit_card,1,108.31
d9e61dcd00568330306bd1733a413ae7,1,credit_card,2,66.85
f299ec6360351d71a661e17e4322500c,1,boleto,1,137.93
afcee0adfa39a03591a13aff66b87cb7,1,boleto,1,123.4
a8cb0d4e1f45d87965b1aaa5710c2461,1,credit_card,1,36.69
e8dbfb34a57fe34db02546aa50b56f10,1,credit_card,1,57.19
503835e65064755671a55973619b9eb7,1,credit_card,2,173.84
86730759997ebded9a8c14a211244a4f,1,credit_card,1,192.56
51ac545e2425e1bf7496c4494bfadcfa,1,credit_card,2,115.92
f3144b968537c3068bdd820f07160523,1,credit_card,1,74.16
36b1f4e20647a8599217e502c9ed45e0,1,credit_card,2,109.55
e5535466d23681cc97013097a0644150,1,credit_card,1,136.09
bbcde37a6b3008557c47e31e37523380,1,boleto,1,142.76
fbe1661023a94e53d4ec2c938e38c8f2,1,credit_card,2,28.5
6970a3865417daf2e16446623fe67db2,1,credit_card,10,102.82
d08eb402923cd72cb3b9f91028330de7,1,credit_card,1,82.33
0084209c576daad6ff4534902fcb4892,1,credit_card,8,85.14
ac09156639c3a0b85f197bda6a3f42d2,1,voucher,1,195.33
5ca62592256e82604cb922a22fd3b69b,1,credit_card,5,201.05
2355668b3f4f5c92b35d3aea796b9ba1,1,credit_card,1,129.47
ec2738d1b8cdc75fa4c9425432f5053c,1,boleto,1,85.8
185f9c92a4ee09b897dd441dd4c45a71,1,credit_card,6,178.27
