product_id,product_category_name,product_name_lenght,product_description_lenght,product_photos_qty,product_weight_g,product_length_cm,product_height_cm,product_width_cm
f819f0c84a64f02d3a5606ca95edd272,relogios_presentes,59.0,452.0,1.0,710.0,19.0,13.0,14.0
b9de40e43fccb6ba53b7eadbd5c49077,utilidades_domesticas,41.0,1188.0,3.0,700.0,70.0,10.0,15.0
26afe4ed5890d941fcba14205863eec7,moveis_decoracao,47.0,1092.0,1.0,3850.0,30.0,30.0,30.0
986870b9985d95ef6205bae1953a61a5,moveis_decoracao,50.0,646.0,1.0,300.0,16.0,30.0,20.0
28ce57ecf4afba85e6020ec0209cada9,cool_stuff,31.0,248.0,2.0,5650.0,73.0,73.0,20.0
7cb2ff3193293db892fd5697aa99a19b,moveis_decoracao,56.0,297.0,2.0,950.0,100.0,5.0,20.0
116a8f521211c179741c051816f2b898,cama_mesa_banho,38.0,353.0,1.0,1200.0,16.0,10.0,16.0
b3e99300a2d0481e7b1d7ce484d498cf,fashion_bolsas_e_acessorios,47.0,395.0,4.0,300.0,16.0,9.0,11.0
609092e5b5c4a202878eb9ba03b47793,brinquedos,29.0,507.0,2.0,500.0,20.0,18.0,18.0
355c91ffac499557d65c0821237b6350,fashion_bolsas_e_acessorios,42.0,770.0,1.0,850.0,16.0,2.0,11.0
dd6171dfce1d62dbf472f83fa352d309,cama_mesa_banho,43.0,862.0,1.0,600.0,20.0,10.0,20.0
a8b5e02c7f69ca5ccdfa99417079d135,livros_tecnicos,41.0,1002.0,1.0,2050.0,28.0,5.0,21.0
af210e7b5709fdeb3984f93a10da094e,beleza_saude,53.0,1112.0,4.0,7525.0,35.0,32.0,35.0
bdb4be6ce2f7f2b5be0a16088028c7fc,utilidades_domesticas,54.0,851.0,1.0,3100.0,45.0,28.0,26.0
50f45d42cdfecd33a2424a1c617d251f,cama_mesa_banho,55.0,221.0,1.0,450.0,16.0,20.0,30.0
1e6981e727154bcd941d51fda894b183,bebes,18.0,778.0,2.0,1450.0,18.0,44.0,34.0
35afc973633aaeb6b877ff57b2793310,casa_conforto,56.0,176.0,1.0,1825.0,53.0,10.0,40.0
b83738ac1903f7c8f0ed378cb085909c,eletronicos,56.0,1184.0,3.0,5700.0,20.0,15.0,13.0
cce679660c66e6fbd5c8091dfd29e9cd,cama_mesa_banho,43.0,125.0,1.0,250.0,40.0,4.0,30.0
199f076c011ea5e8b546bff05d4f2477,moveis_decoracao,47.0,616.0,3.0,1300.0,105.0,15.0,15.0
c6bdd07f0a20ccd19d51de91c1551952,informatica_acessorios,48.0,561.0,3.0,300.0,16.0,8.0,11.0
9ed00cd89e3b3a0107996fe62feab381,telefonia,59.0,818.0,6.0,350.0,17.0,4.0,12.0
291c7fc5097e83062a4377ca30c6b834,telefonia,42.0,509.0,1.0,350.0,17.0,7.0,28.0
aca71e1fceaea4278f27aab8a3498f60,automotivo,57.0,1331.0,4.0,100.0,16.0,4.0,12.0
4eb0d9529369cb573f792d489af46f51,ferramentas_jardim,37.0,98.0,1.0,2450.0,22.0,20.0,18.0
0538b3ea14af3cc3ee6bdaf940367cee,,,,,150.0,20.0,4.0,20.0
30a47cc354b9607076272300c899dce9,bebes,26.0,1594.0,5.0,450.0,26.0,7.0,22.0
2f46e035eccda1e1e2127096bb7483e7,esporte_lazer,55.0,1920.0,3.0,1800.0,28.0,8.0,15.0
72b253635b316f49e42e618d6e585ebc,brinquedos,23.0,273.0,1.0,125.0,22.0,7.0,14.0
564a04f027fb97b53ca08464632db860,relogios_presentes,46.0,2021.0,3.0,550.0,20.0,12.0,15.0
1bc861b90a53405f92c18482e45e897c,malas_acessorios,45.0,225.0,1.0,600.0,47.0,10.0,34.0
13db47eae724e2848e12b71a617a3a41,audio,34.0,468.0,1.0,425.0,17.0,11.0,14.0
e47eff9f97c9536c9f768f86e13252f6,,,,,10250.0,40.0,32.0,32.0
e7261ba9b589b73ac45411a15058403e,informatica_acessorios,60.0,491.0,1.0,1600.0,25.0,9.0,25.0
c8e7c2ef329fcda4a233e7e2f8bb8b7d,utilidades_domesticas,58.0,1245.0,1.0,200.0,16.0,12.0,11.0
ae52eeb8383b94455f0a08b1f88ad002,informatica_acessorios,60.0,882.0,1.0,167.0,21.0,13.0,12.0
10dae91e0aba95747e90280edeffe883,bebes,54.0,1027.0,3.0,100.0,17.0,6.0,11.0
e09cef1f7f2bc3a9c9d996608944de19,cama_mesa_banho,50.0,325.0,2.0,1300.0,37.0,23.0,35.0
ccf62ee5ee151b8c5ce49beda185a66e,moveis_decoracao,63.0,455.0,6.0,18950.0,85.0,7.0,85.0
89f055104adb9365d7f7b5c475f77742,beleza_saude,38.0,395.0,1.0,114.0,19.0,16.0,17.0
b4bbe69ef82d98f932d5c94987c42938,bebes,52.0,744.0,2.0,517.0,19.0,18.0,18.0
ed464125465d8ab04c3615963d27395c,casa_construcao,56.0,904.0,6.0,700.0,39.0,7.0,39.0
a88124e0b1d42ca7b0813a78ff630437,construcao_ferramentas_construcao,55.0,338.0,1.0,2600.0,23.0,8.0,23.0
8e371c2303bcf90383f6cebd67f2dffe,brinquedos,48.0,236.0,1.0,450.0,45.0,15.0,35.0
f5e48ba4fcfdf3920b7a857b261a3ef3,construcao_ferramentas_construcao,59.0,648.0,1.0,200.0,21.0,7.0,14.0
d556492cb91418b6a9d9613592b4367f,telefonia_fixa,51.0,352.0,1.0,100.0,19.0,3.0,11.0
e7f85596b92f92cb501855897696f66b,fashion_underwear_e_moda_praia,54.0,1152.0,6.0,2300.0,16.0,5.0,11.0
0a1c4b9c1ca294b2c85dbe2d4920abe6,papelaria,47.0,111.0,1.0,6250.0,30.0,10.0,30.0
0be79cf589781c512bd91976eadeeff0,consoles_games,45.0,304.0,1.0,200.0,25.0,5.0,15.0
af64874ef27a7dc357905b75ea78555a,fashion_bolsas_e_acessorios,51.0,250.0,7.0,350.0,17.0,4.0,13.0
cfa14c9ef22bd6c41e20df06de9dfa76,utilidades_domesticas,60.0,217.0,2.0,9950.0,61.0,31.0,31.0
9ce6c37f9df63de67692c3f7d4d209f1,moveis_decoracao,53.0,194.0,11.0,1100.0,31.0,11.0,26.0
a08ffa6ecdd0ab3c1f4fe348acc2553b,,,,,1000.0,40.0,8.0,40.0
b1c791ce2fd764b4aaea6b9064b224ac,perfumaria,52.0,425.0,3.0,400.0,23.0,8.0,15.0
e7dffcd8a3257cf9f6644b7d30eaf727,relogios_presentes,55.0,1355.0,5.0,500.0,18.0,11.0,14.0
dd77ffae83ea4313783323ea026dbf0a,casa_construcao,51.0,915.0,6.0,850.0,16.0,27.0,16.0
6f7df385d032846d2941c806179cc78e,automotivo,60.0,1301.0,1.0,1800.0,16.0,22.0,16.0
7d1f165a4a03757ada8c56e9aba9fb41,moveis_decoracao,52.0,500.0,1.0,8200.0,30.0,30.0,30.0
106ebc8f9982193679d02a4584947b89,automotivo,59.0,114.0,1.0,300.0,16.0,2.0,11.0
fc94d52bb346616a130e657a8fac829b,bebes,58.0,233.0,1.0,7100.0,41.0,40.0,40.0
fdc3af4045c7316cadde9fda3c335932,instrumentos_musicais,54.0,267.0,3.0,300.0,32.0,3.0,16.0
ff7824d83aca56224fa3e3b524748ec5,esporte_lazer,27.0,383.0,3.0,600.0,28.0,25.0,25.0
d7a0d43b22866d7a8c1c22532daff378,cama_mesa_banho,51.0,441.0,2.0,2950.0,100.0,10.0,11.0
7d761cef314675473eda87ecc3b7e751,cama_mesa_banho,45.0,729.0,1.0,1250.0,20.0,30.0,30.0
46e4940f28c9231a801873e62ca55c53,perfumaria,50.0,54.0,1.0,50.0,30.0,10.0,20.0
d761571f5524f788ce8a5797c4cd732f,beleza_saude,60.0,695.0,2.0,900.0,25.0,30.0,20.0
ead72457c58dcea14f94c2223c684716,esporte_lazer,51.0,2050.0,1.0,50.0,20.0,16.0,12.0
a9dad2ea6b0cb39733febae5b7ec1dda,utilidades_domesticas,58.0,143.0,1.0,790.0,36.0,8.0,25.0
79792fabf714677e94472c3ce5e719a5,moveis_decoracao,57.0,646.0,1.0,300.0,16.0,30.0,20.0
c519f4684e315ead8f279de375f4aa61,informatica_acessorios,46.0,311.0,2.0,300.0,24.0,9.0,17.0
7ad1208884270048a2176ff437f49a9b,cama_mesa_banho,52.0,244.0,1.0,2300.0,45.0,15.0,35.0
ea5708a5c7124ed181b770fe811ec775,papelaria,60.0,501.0,6.0,550.0,22.0,7.0,15.0
c8e3b23381d275296ec611061b616789,beleza_saude,60.0,1493.0,4.0,468.0,23.0,9.0,22.0
7a63b90eac4831fa1eed304ebb910716,informatica_acessorios,39.0,615.0,1.0,200.0,16.0,5.0,11.0
96cc6d39d2114a36f318d641c3cae43d,brinquedos,49.0,323.0,2.0,250.0,16.0,20.0,20.0
f5068d43799fc3243cf62b290d885d3e,consoles_games,55.0,546.0,5.0,400.0,16.0,6.0,21.0
d5de9e83335830f4597d314e63845eb3,ferramentas_jardim,59.0,1125.0,6.0,11600.0,52.0,23.0,22.0
819cc553cef53e5f33e1e74ef5133409,beleza_saude,60.0,543.0,3.0,1075.0,23.0,8.0,20.0
60567eaf5cdf794639e94508ec387a82,fashion_bolsas_e_acessorios,55.0,903.0,1.0,3350.0,62.0,20.0,40.0
7b0f65d848af0681e064d72f0d44e862,informatica_acessorios,27.0,645.0,2.0,125.0,18.0,3.0,11.0
e5e0c45564bc74a85e8e51968fdefa8d,automotivo,56.0,840.0,1.0,1800.0,45.0,20.0,45.0
0df2a7a1ee25a81b032358dbb083319b,moveis_decoracao,42.0,1931.0,3.0,3800.0,70.0,4.0,55.0
41587317a0dfddc726a29e86b9527f48,consoles_games,60.0,123.0,1.0,600.0,20.0,11.0,17.0
b00cef861f6f633cc9eded86aedd8f3a,cama_mesa_banho,50.0,381.0,1.0,2200.0,47.0,21.0,41.0
bf4aa8e63457632377b86424e38fb071,utilidades_domesticas,46.0,674.0,3.0,200.0,20.0,20.0,20.0
1522a5bd5aab30ceb119c8fb8ec5a8f0,esporte_lazer,32.0,682.0,1.0,190.0,22.0,5.0,15.0
24d746a5965b583493871d11f75b1068,instrumentos_musicais,30.0,435.0,1.0,1000.0,40.0,40.0,30.0
68bec1af3851f58027db8beadf3914d7,informatica_acessorios,41.0,231.0,2.0,350.0,16.0,16.0,16.0
ec5b5cce0b8464a1c618325f35c779dc,moveis_decoracao,60.0,2084.0,3.0,1300.0,69.0,11.0,11.0
6bc53d46b55a38602aad862a37153ea6,casa_conforto,57.0,246.0,3.0,5350.0,40.0,20.0,40.0
184f6e7e403fe477af4b1a02b9d432e4,moveis_decoracao,44.0,257.0,3.0,6300.0,30.0,45.0,40.0
1272db6c9d16e3c3b9878c3462a0f369,malas_acessorios,29.0,1095.0,3.0,450.0,28.0,19.0,29.0
f40ef461e35cca158e568c17293fb5be,telefonia,27.0,402.0,5.0,150.0,19.0,3.0,11.0
92473ca06aa61791e4dc02c9af82bf83,moveis_decoracao,60.0,2043.0,5.0,3000.0,69.0,11.0,11.0
b8be700cb8f91067761b685ac5d1664f,telefonia,60.0,1440.0,3.0,100.0,18.0,6.0,11.0
e27c4dd075a521097a085bced0631ce7,moveis_sala,31.0,618.0,2.0,9750.0,27.0,15.0,92.0
bf59082c832c1a67b92ee5ca73971f4e,utilidades_domesticas,56.0,1195.0,5.0,4750.0,60.0,5.0,40.0
36876fa11e21f66fcbe91abde34210c5,pet_shop,57.0,463.0,1.0,5500.0,57.0,21.0,37.0
b776dbd8d7dfb18b7422dd99b1f1ba03,utilidades_domesticas,49.0,539.0,3.0,3350.0,22.0,17.0,23.0
07797d4315ce5c1570e0a484472e04b5,moveis_decoracao,32.0,303.0,1.0,2300.0,37.0,30.0,20.0
a4feaaaf220690fe86cad96217774d0e,eletroportateis,58.0,767.0,4.0,1375.0,36.0,23.0,14.0
32224b437cefd35300f4adeff01db8f4,moveis_decoracao,54.0,1722.0,2.0,550.0,52.0,11.0,11.0
529deff9c151e0db37c88a43952868bb,eletroportateis,54.0,565.0,3.0,3100.0,35.0,35.0,16.0
3e442d09f9dfef002aadf31960869f65,informatica_acessorios,33.0,1084.0,2.0,200.0,41.0,2.0,29.0
4039be757013ccb66cb41d683261dece,utilidades_domesticas,64.0,320.0,1.0,3000.0,85.0,10.0,50.0
d540d228abea2bb0713acb40e4f3d341,pet_shop,56.0,2358.0,6.0,2350.0,42.0,22.0,32.0
1c63d0a4d75df524d4605a43285925d7,bebes,51.0,353.0,3.0,668.0,21.0,25.0,21.0
5e094b8daf1ba2eb4d6c0cc6ac2ad51e,beleza_saude,32.0,1033.0,1.0,150.0,16.0,2.0,11.0
4aca38e787c979a6106440c7a63036b4,brinquedos,55.0,1107.0,1.0,1600.0,40.0,15.0,35.0
ab9456d1c4cb5ef44bdecc0aa8021f39,moveis_decoracao,26.0,621.0,1.0,6000.0,37.0,41.0,37.0
21733435c91b1a39455537eeacd3c467,ferramentas_jardim,63.0,525.0,3.0,300.0,16.0,4.0,20.0
a5502e9954017124d95f7bce4c89d339,cama_mesa_banho,46.0,701.0,1.0,1300.0,50.0,12.0,12.0
7b8603501af310bf297351a4cc8cd3a5,esporte_lazer,36.0,642.0,1.0,300.0,20.0,7.0,14.0
70aa499facb0946dc40ff974166fd522,automotivo,58.0,1683.0,8.0,2700.0,46.0,16.0,25.0
c4b5776ae19c3e9ee28323b38d41c72f,moveis_decoracao,27.0,212.0,2.0,10050.0,72.0,10.0,72.0
ef9f731f8f63f85ea53e94df375baf54,instrumentos_musicais,59.0,1172.0,2.0,9250.0,45.0,20.0,100.0
b0fd7a18daa40299b5393b4280b55dad,informatica_acessorios,33.0,2157.0,2.0,415.0,29.0,18.0,22.0
aa8dbe0ebad6906e9253479e1027185e,utilidades_domesticas,53.0,537.0,1.0,850.0,25.0,5.0,20.0
d517de1f2a8247cc1ea2951c4039ae20,brinquedos,37.0,450.0,3.0,992.0,34.0,13.0,31.0
84d0969ab5317ca361e0a628948a4624,moveis_decoracao,5.0,310.0,1.0,7050.0,88.0,29.0,29.0
b7605b5b483063d12bd90a772bff9d21,cama_mesa_banho,45.0,437.0,2.0,550.0,40.0,7.0,50.0
70c6bcc1ade2c8284d07bddfe37dcfee,utilidades_domesticas,43.0,711.0,1.0,2000.0,25.0,60.0,25.0
b42c05a477c94b52587fa47d777928df,cama_mesa_banho,44.0,209.0,1.0,1350.0,39.0,18.0,39.0
de6517dda8e49774f58c07f80abc8d7a,market_place,56.0,975.0,1.0,950.0,26.0,17.0,24.0
b1035b3d307f0aeb6157fdd3e09f8119,telefonia,55.0,395.0,3.0,375.0,18.0,13.0,16.0
de6702c748c719cbd13bb814f006ba22,,,,,150.0,16.0,9.0,11.0
bb7181410b4e02f93f3697f765db53c7,bebes,36.0,1058.0,1.0,14950.0,77.0,20.0,53.0
b825640a6e030d36a45c34eed447a07a,cool_stuff,54.0,702.0,1.0,100.0,20.0,10.0,15.0
7f253218cda162fcc215fd4e0768b00c,cool_stuff,56.0,1826.0,1.0,2000.0,28.0,19.0,21.0
ed5f0d58e27cf65a07283c251747936f,consoles_games,55.0,864.0,6.0,350.0,18.0,18.0,21.0
128d1c88b601731fe8ed4044b1ae7a6a,cama_mesa_banho,50.0,120.0,1.0,650.0,34.0,18.0,44.0
9223a3da528213e384a176a70d92130a,esporte_lazer,51.0,759.0,6.0,900.0,55.0,20.0,22.0
d0f60ef2a4823f57f00f1bd5cb463148,esporte_lazer,36.0,134.0,3.0,300.0,16.0,16.0,16.0
ad7beed1d6b41ea967b2724468a23c92,moveis_decoracao,31.0,370.0,1.0,325.0,33.0,7.0,18.0
edac4210602e69d752554780d5a913f4,ferramentas_jardim,60.0,1302.0,1.0,450.0,17.0,17.0,17.0
368ba390a67a37fa114450dc1f19e047,fashion_bolsas_e_acessorios,46.0,815.0,1.0,100.0,16.0,5.0,16.0
6a3370dbb5bd5817ac81a5db12cb2baa,perfumaria,39.0,340.0,1.0,267.0,17.0,14.0,14.0
a01d1cbb398e386a4a8f8364401a7584,esporte_lazer,58.0,757.0,2.0,500.0,50.0,5.0,30.0
b1d69027dcf7fec05464c24c1e197dde,perfumaria,47.0,565.0,1.0,675.0,19.0,13.0,13.0
1d1d29cb3e67f3a4d7eb040b5a13d361,moveis_decoracao,30.0,634.0,1.0,25250.0,41.0,43.0,91.0
725cbfcaff95a4d43742fdf13cf43c75,cool_stuff,58.0,537.0,2.0,1850.0,34.0,5.0,34.0
db59f0dfd5593c492b2ff1a6ab50cc2d,esporte_lazer,50.0,258.0,2.0,1000.0,60.0,15.0,15.0
5bc6f966c95b579fc0982b73007f1917,cama_mesa_banho,55.0,364.0,2.0,1200.0,25.0,10.0,25.0
ce7757befc6e69c9a3c2d7551ea423ce,construcao_ferramentas_construcao,41.0,2686.0,1.0,2144.0,19.0,19.0,23.0
48633254f8b7b802b1ca8c4f4dcf3e33,artes,53.0,638.0,10.0,200.0,25.0,5.0,33.0
6a4bdc32bf81f50cb387fd6178ce7b07,cama_mesa_banho,55.0,276.0,1.0,2300.0,35.0,10.0,30.0
15a581e2cae15fe40ac430f07dc6aa12,casa_construcao,57.0,1018.0,1.0,450.0,18.0,19.0,13.0
0a859d8dc68f6a746b4709217110c439,esporte_lazer,50.0,2871.0,1.0,30000.0,90.0,50.0,50.0
6acecf7108cde510886d761f5d107fe1,papelaria,56.0,666.0,5.0,1000.0,20.0,15.0,31.0
a3c933b29543a2b90e9aca184ee7397a,cama_mesa_banho,55.0,184.0,2.0,350.0,50.0,8.0,40.0
9e45be91c990797c9bb60ce6fa369bff,moveis_decoracao,52.0,1750.0,4.0,2500.0,105.0,3.0,70.0
49e70ba5085cd95e69fb041635304a0c,fashion_bolsas_e_acessorios,23.0,77.0,2.0,200.0,16.0,3.0,15.0
60dfe129ad287ca8cd2656a8151138ad,moveis_decoracao,54.0,1750.0,3.0,2450.0,105.0,3.0,70.0
8aefc25069d9ccef99f9f08d4a869ac4,telefonia,48.0,342.0,1.0,183.0,18.0,4.0,11.0
8abdb2ffbf92eb0bcdd82fce515fde6a,automotivo,57.0,1022.0,3.0,1800.0,34.0,40.0,19.0
1027d3061ac141bbb2ea003c63dc3d66,automotivo,51.0,883.0,6.0,5950.0,53.0,43.0,11.0
2e91e5644d8da04d17ade8d59c0990ca,beleza_saude,55.0,664.0,1.0,2225.0,18.0,18.0,18.0
c20fbbd4ccf2f7da70e150689a6a905f,perfumaria,47.0,723.0,1.0,455.0,21.0,15.0,17.0
ace5d86cf1ac63cdb76f49e5cd23d2f8,moveis_decoracao,60.0,473.0,1.0,600.0,30.0,4.0,20.0
703d742887bb9267f89b675608ba7aa0,cama_mesa_banho,35.0,509.0,2.0,950.0,35.0,6.0,45.0
756eab67d3c0edae186c4617412c056b,beleza_saude,49.0,1948.0,1.0,640.0,31.0,16.0,15.0
6401d2f82d6e6c52998ce626fe4eda24,fashion_roupa_masculina,30.0,51.0,1.0,300.0,30.0,40.0,11.0
02d48451331287e2bf12560d032d57a6,eletronicos,55.0,981.0,1.0,150.0,18.0,5.0,24.0
795156625747aca0c4d4b44d22a5e6dd,informatica_acessorios,45.0,1464.0,2.0,225.0,25.0,16.0,16.0
9059b4009ee73aff5c683ea3b9307604,moveis_decoracao,54.0,1708.0,1.0,750.0,60.0,11.0,11.0
706a5e521711344bfd262cb3f2a77a78,bebes,49.0,223.0,3.0,283.0,37.0,20.0,40.0
64367bed3ed96fd9381676fbe33b6443,pet_shop,43.0,1101.0,2.0,5750.0,30.0,30.0,30.0
7aa6e062307255430c735f98b847578e,utilidades_domesticas,44.0,743.0,1.0,100.0,16.0,2.0,11.0
c6f46351ae5ae5a6d75ab14996584ce1,moveis_decoracao,56.0,2434.0,2.0,400.0,69.0,11.0,11.0
c625ae2c17fb3590976b5822c1505126,utilidades_domesticas,60.0,570.0,1.0,2000.0,32.0,32.0,32.0
3f9e3d09e34ab9b3235a0e9d584bba25,moveis_decoracao,40.0,94.0,5.0,400.0,16.0,5.0,20.0
0fce35c0b7338bda3e52e2389f0c0762,moveis_decoracao,61.0,157.0,9.0,3450.0,41.0,15.0,25.0
e06eb527f0a6ce904044687bd2faa582,utilidades_domesticas,42.0,223.0,2.0,800.0,46.0,10.0,35.0
69faf0d53eb73597d6cfd50175901a56,beleza_saude,36.0,1732.0,2.0,300.0,37.0,23.0,24.0
79d5da4087dedefe5ef7086bf68e6408,utilidades_domesticas,43.0,1709.0,1.0,1150.0,41.0,20.0,27.0
04d5a0ec1f6db00db01676199151df4c,relogios_presentes,59.0,616.0,1.0,425.0,16.0,10.0,11.0
3f4a3b8846f4522bd68853a50114da49,esporte_lazer,46.0,622.0,2.0,933.0,34.0,17.0,38.0
48acade3f4dd39bbab10bd14bcfc8735,beleza_saude,52.0,1649.0,1.0,250.0,22.0,5.0,15.0
c747d118db61a1c79977309b0ca33ddc,brinquedos,46.0,961.0,1.0,480.0,19.0,10.0,12.0
679a3e5e1d2bb68982be5734c6e55e63,casa_construcao,57.0,565.0,4.0,800.0,38.0,38.0,22.0
4886ee6eaf4ab72e0e91ed0c42815f49,cama_mesa_banho,58.0,729.0,1.0,1950.0,40.0,3.0,40.0
ace1e48f1eaabcd539235e93e361133b,moveis_decoracao,29.0,356.0,3.0,400.0,25.0,5.0,17.0
50c903691960bdd77acb82418a4445ec,bebes,24.0,174.0,3.0,200.0,16.0,11.0,11.0
e7593e3c84b3302e1531a715f1ded8b2,moveis_decoracao,46.0,458.0,1.0,750.0,30.0,30.0,30.0
3f3d9760b163e08f9566ea1b2b8e1cd4,beleza_saude,56.0,1891.0,1.0,1100.0,16.0,15.0,13.0
ffdde3d63e889c9a9f9ec30d82a4c815,brinquedos,63.0,554.0,4.0,21600.0,35.0,60.0,40.0
f6605392877b41d225dd146d2cf116b5,ferramentas_jardim,56.0,1182.0,1.0,550.0,17.0,17.0,17.0
475152a7f8c7ddd5457fef29a9d20dd1,ferramentas_jardim,50.0,472.0,1.0,950.0,16.0,32.0,13.0
b0ed7fe63babb3e705115f53fa74b20c,eletrodomesticos,38.0,928.0,2.0,1200.0,28.0,8.0,13.0
e13f46cf68d356e0ac0f32058af20911,fashion_bolsas_e_acessorios,56.0,142.0,6.0,150.0,16.0,9.0,11.0
0a23fd10720c5ffc6c7f5e66b0b26ae2,moveis_decoracao,63.0,628.0,3.0,900.0,30.0,30.0,30.0
7070d77d89af4f2865ff26b1323312ed,moveis_decoracao,23.0,254.0,1.0,17350.0,45.0,30.0,45.0
51555187e14ed8bb8addc25344848ef7,cama_mesa_banho,58.0,676.0,1.0,1325.0,19.0,17.0,23.0
41b7b870b6097bb62f462bc0af141d0d,moveis_decoracao,60.0,1492.0,3.0,2450.0,105.0,3.0,70.0
b1ff030591e1d0e0069e54d11c5c21d5,utilidades_domesticas,48.0,254.0,2.0,750.0,54.0,7.0,22.0
b71ed32edb9ce4684e10a11309011b60,alimentos_bebidas,30.0,690.0,2.0,500.0,25.0,9.0,18.0
0b1b954cb171434674907a8da1778e11,construcao_ferramentas_construcao,45.0,127.0,5.0,7400.0,60.0,20.0,40.0
6f5b86fea3f029028ff6b3a88248be45,eletroportateis,50.0,1157.0,1.0,4700.0,28.0,27.0,31.0
f7566c7c51e266442be8db4b8797ee1f,construcao_ferramentas_construcao,60.0,327.0,1.0,11550.0,33.0,12.0,33.0
9de7867a5bc245bcbb1e2ce6471ba208,eletrodomesticos_2,37.0,223.0,1.0,400.0,18.0,12.0,12.0
3822a27bc32b4e20694f1819c6d6e7ec,cama_mesa_banho,56.0,310.0,1.0,6400.0,30.0,6.0,25.0
6f7326be4926840cfcd094d2629f1049,utilidades_domesticas,57.0,2812.0,7.0,1000.0,30.0,12.0,30.0
e2dbf7712dcef4577bfee8f58eea55d1,papelaria,47.0,686.0,1.0,100.0,18.0,2.0,11.0
252dc23ff7e1241d046a1c2c5041ffb5,cama_mesa_banho,56.0,2079.0,2.0,1000.0,43.0,8.0,33.0
0ad6795586afdad1281b3884f2611ca6,construcao_ferramentas_construcao,40.0,459.0,1.0,250.0,60.0,60.0,11.0
d48e56be99464cbf285a9da17f618165,moveis_decoracao,54.0,584.0,1.0,1200.0,33.0,8.0,23.0
3aa038240692a414f33eaf1d12a44ed1,construcao_ferramentas_construcao,32.0,120.0,1.0,3050.0,16.0,16.0,16.0
d86a0708a75b7ba0080d94dc632fbc23,beleza_saude,37.0,634.0,2.0,200.0,16.0,10.0,16.0
efce86e8447765eda9f3db06491e819a,moveis_decoracao,57.0,108.0,11.0,2800.0,40.0,8.0,35.0
4d817c0fe79db81f4f99f840cadbde0e,moveis_sala,34.0,853.0,1.0,15150.0,38.0,48.0,38.0
f8ca22f13e0b58c30e9a8822f20d9ba9,moveis_decoracao,59.0,601.0,3.0,12200.0,51.0,56.0,36.0
7f10c4dc56e0a914b0552b6c3ab524c2,automotivo,50.0,232.0,1.0,1910.0,23.0,19.0,24.0
5ee76866fa61481c966c02a129dfac08,utilidades_domesticas,59.0,156.0,1.0,717.0,18.0,19.0,15.0
f9e4900e477f557c368d218065353b5a,telefonia_fixa,19.0,282.0,1.0,90.0,19.0,3.0,11.0
9af16e9f03d54065042ad4bd257ed5b0,perfumaria,33.0,1575.0,2.0,900.0,20.0,20.0,20.0
310dc32058903b6416c71faff132df9e,papelaria,36.0,326.0,1.0,300.0,16.0,10.0,11.0
7ddc9c0c8d8ff59c19050d36d2bdcb2a,casa_conforto,57.0,217.0,3.0,1700.0,30.0,20.0,30.0
36ea81e90d1292dcdc3ad8abb09c20fe,bebes,59.0,921.0,4.0,350.0,42.0,27.0,42.0
4c09470b433cef8a5790d7519849a282,automotivo,59.0,1278.0,1.0,3250.0,30.0,30.0,20.0
28492192565141edad4251d6f32d1fe1,esporte_lazer,31.0,831.0,1.0,1238.0,26.0,18.0,19.0
0ff3339eba4028a9dc569a61229c465a,informatica_acessorios,50.0,801.0,5.0,100.0,16.0,4.0,14.0
aa050bcc1f43af01b044c36285bbb87c,construcao_ferramentas_construcao,57.0,1519.0,2.0,450.0,28.0,4.0,13.0
e706d603c40437249cea9606699273a7,brinquedos,59.0,667.0,2.0,1000.0,32.0,30.0,16.0
fb3d7615501eb8155531583652015360,,,,,350.0,16.0,18.0,16.0
591efcfda8812f90d99a864afde3917f,utilidades_domesticas,39.0,362.0,1.0,850.0,30.0,5.0,30.0
b7c472e4bf39b63628ecedc8c9af805d,ferramentas_jardim,30.0,825.0,1.0,3000.0,27.0,10.0,32.0
6ee1607bacba780139e7f7fcd316c1d0,utilidades_domesticas,51.0,127.0,3.0,2100.0,43.0,30.0,11.0
5c76a53f09257b80bd0ff36472ef6b82,market_place,59.0,125.0,1.0,800.0,25.0,37.0,36.0
d934d5a5c12e50df26c0669f578e2621,informatica_acessorios,49.0,340.0,1.0,300.0,48.0,8.0,20.0
55b04296824029ae20bbeb3b200e69d0,moveis_decoracao,54.0,785.0,6.0,1300.0,60.0,12.0,12.0
e966f10c28b89ceb60d3c2dfb7144b12,moveis_decoracao,32.0,310.0,1.0,4100.0,49.0,13.0,38.0
0b33e28a934b68a0475650499b9ae509,esporte_lazer,42.0,1203.0,4.0,250.0,20.0,34.0,44.0
8b91b9d3fea3a20b5ab4ffa874fdb062,instrumentos_musicais,51.0,846.0,4.0,7600.0,30.0,30.0,30.0
ab29bedd6685cf84ec913965978c9d3a,automotivo,58.0,1276.0,4.0,1350.0,21.0,21.0,21.0
05fa60020215fd65f8f8b9dd441f864b,beleza_saude,32.0,324.0,1.0,250.0,23.0,9.0,14.0
0a8364a63342dab8877bc3e5eb7cff6c,utilidades_domesticas,50.0,298.0,1.0,6050.0,30.0,40.0,30.0
1fde7ac241af066577f1b1602435beaf,moveis_decoracao,56.0,1941.0,4.0,2450.0,105.0,3.0,70.0
20dd7f59c8d37692cd7aabe00f3af998,beleza_saude,52.0,1709.0,1.0,625.0,29.0,20.0,24.0
5d7c23067ed3fc8c6e699b9373d5890b,fashion_bolsas_e_acessorios,54.0,151.0,3.0,250.0,16.0,2.0,20.0
f0fd2799d9eb02ccb6efa890519a6c4d,moveis_decoracao,59.0,456.0,1.0,5200.0,60.0,40.0,45.0
b45e1c65cd9f63e06b57f502caf50b78,brinquedos,33.0,378.0,1.0,5000.0,72.0,34.0,20.0
87c8fb5d5bb43fd06e54c78f6fa45836,automotivo,48.0,727.0,5.0,2325.0,37.0,26.0,22.0
a9342ff863c8bcf625664fe435e7f253,esporte_lazer,44.0,2080.0,1.0,2600.0,30.0,25.0,25.0
1a4abdf8e4e0329e516e6e55260bb1d7,ferramentas_jardim,35.0,382.0,1.0,600.0,16.0,7.0,22.0
aabc408823496d430c4b0b85561403ad,informatica_acessorios,54.0,127.0,2.0,100.0,16.0,8.0,11.0
ba01ca5c2982cedf05294014427c6afe,relogios_presentes,54.0,878.0,1.0,513.0,15.0,11.0,11.0
543b4f1745e0cd1505219f3af6d56d7b,perfumaria,53.0,597.0,1.0,3250.0,24.0,15.0,17.0
e2dd0cb9b99517a86cbc9441cbb55348,la_cuisine,41.0,194.0,1.0,450.0,31.0,10.0,18.0
6af89b97a841482f79c52765bfe0d699,esporte_lazer,38.0,2378.0,1.0,1743.0,29.0,26.0,24.0
915c18c67d0b3cd469475eccc0d1a7bb,eletronicos,46.0,391.0,1.0,150.0,18.0,12.0,13.0
5581bb179770e44255d6bb9b9e1bcca9,esporte_lazer,37.0,121.0,1.0,363.0,18.0,14.0,17.0
95c1a931a9c24a30577e9af5a5c420ea,esporte_lazer,33.0,959.0,1.0,550.0,25.0,15.0,25.0
0b575b7f0277a4fa1e89af27590b438d,cama_mesa_banho,57.0,249.0,1.0,850.0,35.0,20.0,35.0
a883c6cc6b971869a2c962f76fb73ab1,cama_mesa_banho,55.0,2293.0,4.0,1100.0,33.0,15.0,42.0
30fdc68482fb0487e68aaf09260b22cf,cama_mesa_banho,48.0,126.0,1.0,1200.0,45.0,25.0,35.0
bfa56a308202301eca94dc7f8b5c3dca,beleza_saude,31.0,1608.0,1.0,350.0,16.0,7.0,11.0
2d58f9383bf9170598663ad36c0859a2,moveis_decoracao,50.0,200.0,3.0,1200.0,34.0,8.0,24.0
a0686391b9b79dbfb9577555719ec45e,utilidades_domesticas,55.0,773.0,1.0,26950.0,44.0,48.0,44.0
4f2c53c9a1a7a00a247b351c1fdbed13,cama_mesa_banho,54.0,662.0,1.0,550.0,22.0,4.0,28.0
e0f55a53bebaae74a51a8fb9639681d6,bebes,58.0,599.0,1.0,75.0,20.0,15.0,16.0
af1190b9fff9a3c0ea7bc29ef8dfd8c1,brinquedos,29.0,351.0,1.0,363.0,17.0,14.0,16.0
13fd915e499b787f1f4c9dbb231d0d4c,informatica_acessorios,53.0,113.0,3.0,150.0,16.0,5.0,15.0
2ff677af9af410da689ac8299bab93c9,brinquedos,47.0,822.0,2.0,3725.0,41.0,32.0,25.0
63d6e7ab30f482382c9dfbbccae7da54,eletroportateis,56.0,1031.0,6.0,625.0,21.0,19.0,16.0
65f42db0d3e2d8f4fe41b6c3eb0f6561,brinquedos,59.0,929.0,10.0,450.0,18.0,11.0,16.0
42e81d5b55c06ce473ee24c7e5d1d1f4,cama_mesa_banho,57.0,1901.0,1.0,1100.0,28.0,10.0,28.0
774ea72f37a7fbf1fb32b973a18f2348,construcao_ferramentas_jardim,47.0,886.0,5.0,5050.0,40.0,16.0,50.0
341c7cf0d9806592075c3090658f5c81,moveis_decoracao,35.0,159.0,2.0,600.0,22.0,7.0,32.0
afdca9f0ccd47943dcb8dcec1518da63,beleza_saude,44.0,502.0,1.0,500.0,16.0,16.0,15.0
9e88896ff9b39f42a9652dc0730ecabc,telefonia,58.0,667.0,3.0,350.0,17.0,4.0,12.0
6789e81c62b672bf413759d22ecacaf7,utilidades_domesticas,46.0,836.0,1.0,383.0,17.0,13.0,14.0
38e28b7814d36bc84b972a75dd7c5ce7,market_place,63.0,937.0,1.0,200.0,46.0,4.0,11.0
01175f0c6182b4410c669417d7e8268f,brinquedos,39.0,326.0,4.0,600.0,42.0,7.0,42.0
cca8e09ba6f2d35e44f05b3c936d644e,consoles_games,34.0,1413.0,1.0,150.0,20.0,3.0,18.0
3308e7337d30a51ac18fa4e9e72b310c,telefonia,58.0,785.0,5.0,350.0,17.0,4.0,12.0
d6d121aae35cf0cb9078f82deb7047d2,fashion_bolsas_e_acessorios,51.0,220.0,2.0,150.0,24.0,4.0,34.0
b3a1e177812466b5c1c71b314ee2ee31,eletrodomesticos,43.0,430.0,1.0,850.0,30.0,19.0,17.0
40db914a3129475d11db840a1c411fba,alimentos_bebidas,57.0,3838.0,10.0,800.0,28.0,12.0,12.0
0bf311dc96c3ce0503cb03068588c196,eletrodomesticos,56.0,204.0,1.0,300.0,18.0,8.0,13.0
edfb12f6fd9cb4fb1eec00ad28ea5c74,fashion_bolsas_e_acessorios,30.0,401.0,3.0,100.0,16.0,11.0,11.0
1e5748190b56004a34ec795670bffe4d,moveis_decoracao,63.0,862.0,5.0,600.0,19.0,13.0,12.0
c2bd03501cf7f4f3a1201e6069155bc0,moveis_decoracao,55.0,133.0,1.0,900.0,35.0,4.0,30.0
30715b45872148dd5322eb2989228a43,cama_mesa_banho,51.0,290.0,1.0,6050.0,40.0,32.0,40.0
1f5a00433bd192f9ecdbb987e7866c3e,cama_mesa_banho,54.0,836.0,1.0,1400.0,16.0,16.0,16.0
f62ed10e188737a0f5e98e5d7c21c442,utilidades_domesticas,31.0,397.0,1.0,1500.0,16.0,24.0,11.0
da8faea5f69f03fce4dfc01ceee4f1dd,fashion_esporte,47.0,562.0,6.0,300.0,29.0,7.0,16.0
0b28e43610654365d0266f77070a71d9,relogios_presentes,60.0,478.0,1.0,200.0,16.0,11.0,11.0
9b447644d291396340ea3641fc70d132,esporte_lazer,43.0,163.0,1.0,900.0,25.0,10.0,11.0
bdb5e8a591cc4e0b3c77305831c180c0,utilidades_domesticas,52.0,440.0,3.0,2000.0,33.0,35.0,33.0
665dcf48bfab7017f4ac917abaafac4f,beleza_saude,31.0,519.0,1.0,310.0,20.0,22.0,22.0
ae9e33c1ac2b32c7518516756f7b80a5,beleza_saude,60.0,417.0,1.0,100.0,16.0,11.0,12.0
be3eb52ad733d7f7fff631a0cad35e81,informatica_acessorios,29.0,863.0,4.0,500.0,16.0,16.0,16.0
78ed4ecc7b75c660ce2ccfb97af2eaeb,esporte_lazer,45.0,190.0,2.0,400.0,29.0,20.0,37.0
01880e9ca075037ac0520fb94c07a79a,automotivo,42.0,756.0,5.0,550.0,17.0,5.0,12.0
8477d691ae21afadfa805681bef3a620,fashion_bolsas_e_acessorios,29.0,354.0,1.0,200.0,16.0,8.0,11.0
86f2416d4670e4ea3ca5494d043d9f24,moveis_escritorio,33.0,1205.0,1.0,11700.0,36.0,54.0,35.0
12722654d210214a6fa95baae1e37941,moveis_decoracao,56.0,1892.0,5.0,3000.0,69.0,11.0,11.0
82bbea2a39c7d1745ad49a2479460e75,cool_stuff,44.0,732.0,2.0,3050.0,62.0,30.0,26.0
bc048769f430e8e98c07bae3108a422c,relogios_presentes,44.0,546.0,1.0,475.0,19.0,13.0,20.0
6aa640325da3a535ae4266a0252105bc,cama_mesa_banho,46.0,352.0,2.0,900.0,50.0,11.0,11.0
84b6ea77a72c80fa8f23287a4e6c1dc8,fashion_calcados,54.0,404.0,4.0,900.0,22.0,12.0,33.0
b0db5c7b3cdf07d5d6de413ad86bc1d1,automotivo,58.0,500.0,1.0,550.0,30.0,20.0,20.0
e38e0b558340e87a62ebeacc7b83d8d7,utilidades_domesticas,48.0,996.0,1.0,400.0,25.0,15.0,20.0
2d7cd0c78354e447e9c2a37e1e287417,utilidades_domesticas,50.0,554.0,4.0,9900.0,105.0,12.0,40.0
8bb2ca7d3fbcb7de9ff7b8250cb292b5,moveis_decoracao,58.0,582.0,4.0,10600.0,41.0,66.0,41.0
37b68dc7d701dd876736ad568b8f152f,bebes,40.0,811.0,3.0,350.0,38.0,8.0,38.0
86facec0be6ecaeb315ad287b9841c4f,malas_acessorios,25.0,912.0,3.0,550.0,16.0,30.0,20.0
9154514352d1fa2118cef7a94f364687,papelaria,59.0,316.0,2.0,5850.0,38.0,30.0,28.0
0505f239830b15ffbd923b4113a96855,malas_acessorios,44.0,503.0,8.0,250.0,20.0,26.0,15.0
2402257ef60c01379113638864b21035,utilidades_domesticas,56.0,577.0,4.0,7300.0,45.0,15.0,34.0
b0b6c0bcc946a842de76a06f28722962,fashion_bolsas_e_acessorios,24.0,532.0,5.0,300.0,16.0,12.0,12.0
80f258d43a984e2e7af7f1e1163e4018,pet_shop,59.0,805.0,1.0,1100.0,20.0,15.0,15.0
014d94f219fbff1166b9cf700eee36b2,relogios_presentes,50.0,556.0,1.0,400.0,18.0,12.0,12.0
7f8bacbe759179781b50331ea609f7f8,malas_acessorios,57.0,1182.0,2.0,1400.0,43.0,27.0,43.0
5ea135a7b8448e88c3fa7696860b3c3d,malas_acessorios,44.0,132.0,2.0,400.0,20.0,10.0,16.0
b1d207586fca400a2370d50a9ba1da98,,,,,350.0,16.0,4.0,11.0
41fbde40144efcd09db07250981d7b93,automotivo,51.0,840.0,1.0,5500.0,45.0,20.0,45.0
1707ef553eb000d860fff09e3d08b037,informatica_acessorios,58.0,565.0,2.0,250.0,16.0,5.0,11.0
7dba49d05059dfa721e63caf83965829,moveis_decoracao,56.0,288.0,1.0,17100.0,56.0,38.0,48.0
8d05b2c8739a97a9b912b206eed6a0aa,papelaria,56.0,683.0,2.0,250.0,16.0,5.0,30.0
25a1d9b4eeca995f38b898c7ab6288ef,utilidades_domesticas,57.0,321.0,3.0,617.0,17.0,14.0,15.0
473ecd4c15ecda05e4044ef14f1f4c2e,fashion_bolsas_e_acessorios,41.0,827.0,1.0,100.0,16.0,5.0,16.0
f6e0b7ccc34e4decc1b855f8da06a5fc,brinquedos,59.0,257.0,3.0,900.0,30.0,4.0,20.0
0e7467f597732a74c1f98f7703117626,beleza_saude,49.0,787.0,1.0,50.0,16.0,11.0,16.0
5b7c32f42abb2937624d6a8452edae3b,utilidades_domesticas,34.0,250.0,2.0,1550.0,45.0,10.0,35.0
b496f6a5bc0c6f8ecec1b1d06498c702,telefonia,26.0,430.0,3.0,50.0,19.0,5.0,11.0
9a5c3baf8fc729c7332a1523d0f4cbd1,moveis_decoracao,40.0,243.0,3.0,5975.0,51.0,8.0,51.0
48eac3eaf2e50b5f37248cf116476a06,esporte_lazer,31.0,236.0,2.0,950.0,60.0,15.0,15.0
9375d96ff0ad81493ff5231497e170f1,dvds_blu_ray,39.0,593.0,1.0,200.0,20.0,2.0,14.0
375e5a8fcf452959ad89ad40ea2839aa,utilidades_domesticas,40.0,649.0,1.0,200.0,22.0,13.0,23.0
5afdd6208e8a2f20395ad08f90dfe8d3,automotivo,52.0,347.0,1.0,5400.0,40.0,30.0,40.0
47ac1c318ec3ad95a8c89005e384f6e8,automotivo,44.0,174.0,2.0,600.0,30.0,30.0,30.0
6aa063e063f2ab982b471e58afe06d72,cama_mesa_banho,57.0,126.0,2.0,9000.0,25.0,55.0,50.0
500909059ad72b36b2554150cc327edb,cama_mesa_banho,39.0,1140.0,1.0,3100.0,30.0,25.0,30.0
bd6e6fce9ada76ea2db0f1912e8e478f,cama_mesa_banho,49.0,381.0,1.0,850.0,25.0,18.0,40.0
3c726b5f595b976b4348899225d955a5,brinquedos,58.0,822.0,8.0,805.0,28.0,37.0,25.0
e54ff091b59423b5fa989f753d3bcd8c,moveis_decoracao,50.0,510.0,2.0,500.0,80.0,20.0,20.0
f07c770a1f1628deda545e01082a0d6d,beleza_saude,35.0,1014.0,1.0,599.0,16.0,10.0,14.0
4e1346d7b7e02c737a366b086462e33e,cama_mesa_banho,59.0,477.0,1.0,250.0,16.0,10.0,16.0
8d117b157de0b1a41b75de2833fd4f6e,consoles_games,55.0,1683.0,1.0,625.0,21.0,13.0,13.0
3dd519e4024a114cdf2825caa88c6091,cama_mesa_banho,46.0,164.0,1.0,1650.0,44.0,24.0,37.0
dbd91d7511ed7f4e61be3a191082644e,perfumaria,39.0,586.0,1.0,567.0,20.0,13.0,16.0
bf7db234b1df51fc5383311019d63fae,cama_mesa_banho,58.0,271.0,1.0,1600.0,34.0,7.0,32.0
49d23d4887468040921b413a6d4f3ec7,cama_mesa_banho,52.0,1072.0,1.0,1350.0,39.0,7.0,31.0
d41322ce7da20b675c1d9b927da128ef,telefonia,60.0,733.0,5.0,300.0,17.0,4.0,12.0
1144808d80753334c836d4bfab367400,informatica_acessorios,56.0,257.0,1.0,325.0,46.0,8.0,20.0
5d983d66e379e5200d979878175c7af4,utilidades_domesticas,59.0,595.0,2.0,900.0,21.0,21.0,21.0
96b84df3582b12cc062543cee325b38e,fashion_bolsas_e_acessorios,30.0,128.0,2.0,100.0,16.0,9.0,11.0
35997e7b3823b0bb5947dce1986cfb61,livros_importados,59.0,549.0,1.0,700.0,33.0,2.0,23.0
701cfdaf6cb0e11a4200ec31fab1997e,moveis_decoracao,32.0,420.0,6.0,1067.0,34.0,12.0,29.0
5494497e1078148d7b0e41d4551412a7,cama_mesa_banho,59.0,678.0,1.0,1250.0,19.0,17.0,23.0
2152380ff2e0afbc8c1c5b7c72732c40,moveis_decoracao,57.0,216.0,1.0,1300.0,40.0,6.0,32.0
0e122649ef24efa2051127c4018b13e5,sinalizacao_e_seguranca,41.0,1243.0,2.0,10200.0,16.0,45.0,53.0
f7ee078cfab4ad9144e1d75fd0258c5b,perfumaria,56.0,703.0,4.0,650.0,43.0,16.0,27.0
3dc31714cd00417f915d86a494e6b598,cama_mesa_banho,51.0,138.0,1.0,967.0,36.0,7.0,31.0
115d882d50c476a481e899b79aca6174,eletrodomesticos,59.0,1304.0,1.0,600.0,16.0,10.0,18.0
77b433708de78b6f08c64d3cb465ad8c,telefonia,37.0,166.0,4.0,200.0,16.0,4.0,13.0
9cd9443e9002f8be88682ef102d771c1,cool_stuff,55.0,1895.0,5.0,2250.0,50.0,30.0,30.0
140048a7ca8c50c44a58532471837660,relogios_presentes,60.0,616.0,5.0,350.0,16.0,2.0,20.0
0acad8a389d9ac863b63a5bd91d18697,brinquedos,43.0,1223.0,1.0,400.0,17.0,12.0,12.0
86ae34138b66d08c1d885736ba39e6df,cama_mesa_banho,50.0,476.0,2.0,1470.0,47.0,9.0,38.0
63456bc0cfe423fc6621bdd93fd0337c,informatica_acessorios,46.0,323.0,1.0,125.0,12.0,10.0,10.0
54ae1a64e9af8424bcf3162a0df487c7,esporte_lazer,43.0,1435.0,5.0,450.0,40.0,10.0,20.0
b3547583f59191a94cb364defe30e9ec,telefonia,29.0,156.0,1.0,50.0,18.0,18.0,18.0
0f40837cdd9606e43215010f9e8fce41,brinquedos,39.0,618.0,1.0,1600.0,40.0,11.0,35.0
ba5d5d6bb022a34df6fe5b5e8c8002ad,esporte_lazer,55.0,1174.0,3.0,400.0,20.0,6.0,15.0
b687f7d54b34a215172bf55f9584584a,ferramentas_jardim,49.0,374.0,1.0,900.0,30.0,10.0,20.0
7e1283a5fded327a53d039a113eb543a,moveis_decoracao,47.0,2127.0,1.0,500.0,46.0,19.0,15.0
055019def765ce08da9fac0585e927c3,bebes,63.0,884.0,5.0,300.0,17.0,7.0,24.0
6ea6babb12521a80daebf65b6d0c864f,esporte_lazer,50.0,970.0,1.0,600.0,16.0,16.0,16.0
57dcf5497a141d23764008088c8d9974,esporte_lazer,49.0,858.0,1.0,1250.0,30.0,30.0,35.0
5e7d879a43c998d6c60a18ea8eba7728,automotivo,54.0,1198.0,6.0,5000.0,53.0,43.0,11.0
5e560c2bf4bf75f9c836af727033f3c2,moveis_escritorio,51.0,2206.0,1.0,20500.0,58.0,28.0,58.0
9754ea6652dc3e06be088797f85f4ee5,utilidades_domesticas,48.0,222.0,4.0,400.0,18.0,20.0,20.0
e502a4cfd9526d141774f8f7b3d2f782,informatica_acessorios,59.0,129.0,2.0,100.0,16.0,8.0,11.0
83b7e1ec294af41b21657b105834c836,esporte_lazer,49.0,3148.0,8.0,325.0,19.0,14.0,17.0
0c90f0cece2b9c521af7c85ace4794be,moveis_decoracao,41.0,411.0,1.0,4800.0,62.0,6.0,62.0
68bfdbfe84f03af17733b10362f10020,moveis_decoracao,63.0,244.0,4.0,600.0,29.0,12.0,23.0
3e8defa155f10823f9e150b05ad71408,esporte_lazer,49.0,801.0,3.0,300.0,20.0,10.0,20.0
e53023ab8367557ec53afdc82e03121b,relogios_presentes,43.0,540.0,1.0,425.0,22.0,14.0,21.0
fac6b6ac6697b0e439e1dc0203b1ec53,utilidades_domesticas,48.0,389.0,1.0,3200.0,16.0,10.0,16.0
83d55cbbf59542a0cb94f61387889254,cool_stuff,33.0,174.0,3.0,400.0,30.0,30.0,15.0
bbe2718f3f392fdea27314d5e2f3287e,esporte_lazer,56.0,964.0,3.0,500.0,24.0,22.0,22.0
f529ca0f6c6d8ea226840a3ffb3109ea,papelaria,52.0,2209.0,5.0,750.0,25.0,50.0,40.0
e74c906e50417096a9c1fb2c5860b010,utilidades_domesticas,54.0,698.0,1.0,5900.0,65.0,12.0,45.0
5a5d7d4e7f23de210890506c818d2b8a,,,,,800.0,48.0,40.0,11.0
890b077b34b5d22c8c56d60536ab9e75,esporte_lazer,51.0,2648.0,1.0,175.0,18.0,16.0,16.0
ace2ee0158ebad178e6616ad39507b8d,moveis_decoracao,60.0,2047.0,2.0,600.0,60.0,7.0,14.0
a7c71ae3c8f9ee009eaf1bdcffa55012,automotivo,59.0,218.0,1.0,150.0,30.0,30.0,30.0
db7c8db5c70ae474fb9caa8c54454854,cama_mesa_banho,53.0,196.0,3.0,650.0,37.0,23.0,35.0
3625fbaf8284047185fb0351f2f84ae3,esporte_lazer,55.0,815.0,4.0,1600.0,25.0,8.0,25.0
10335f29114548c89998eb43398f58e5,relogios_presentes,59.0,718.0,5.0,250.0,16.0,2.0,11.0
609c35bf8122d5ab8186ed7a6bfcd843,beleza_saude,39.0,345.0,1.0,250.0,18.0,8.0,18.0
58f88ebb71c90b2d46a5b297ae6c3455,beleza_saude,60.0,2089.0,5.0,1400.0,27.0,12.0,18.0
87ac7e3e844a79b97f7b98cecfbc69db,fashion_roupa_feminina,33.0,172.0,4.0,500.0,20.0,5.0,20.0
97d94ffa4936cbc2555e83aefc1f427b,construcao_ferramentas_construcao,51.0,667.0,1.0,3000.0,25.0,6.0,25.0
50046ff3c7e886839388c4532a5ba24f,cama_mesa_banho,42.0,352.0,1.0,1100.0,45.0,11.0,11.0
bed48285a1d145ff8ca0ac0d77496ba3,casa_construcao,58.0,1533.0,1.0,12100.0,60.0,25.0,25.0
32a70faec5a4c206b582ada5f1e840dc,telefonia,58.0,540.0,5.0,50.0,17.0,4.0,12.0
d829c266108bd4ef390199df1560fc2b,cama_mesa_banho,46.0,128.0,1.0,400.0,40.0,4.0,30.0
b248cbdf748a977cdf76991dd59fc429,automotivo,42.0,96.0,1.0,150.0,16.0,7.0,11.0
d20f41d8b70e59cb4c63d68b1dcfc0a4,utilidades_domesticas,36.0,652.0,4.0,500.0,16.0,11.0,12.0
0d954479e7991c06d35202c130844b57,informatica_acessorios,39.0,1105.0,1.0,600.0,16.0,18.0,17.0
37116a322ceabbe82c30430000af0db3,cama_mesa_banho,52.0,89.0,1.0,200.0,20.0,10.0,15.0
8ea331107c7373a412b73374be7c6736,perfumaria,43.0,503.0,1.0,600.0,16.0,2.0,11.0
d370e908175e2f3b39bb7fd33fd4c530,esporte_lazer,60.0,972.0,1.0,400.0,20.0,20.0,20.0
8a7a92a0e4e5abcbc90117424507bb7d,relogios_presentes,57.0,425.0,5.0,550.0,16.0,2.0,11.0
980a05f1865790c75cf9a22ae4771c1c,,,,,21700.0,40.0,50.0,50.0
04e9efe8ce063de2e031eb806396f456,cama_mesa_banho,52.0,665.0,1.0,750.0,30.0,3.0,24.0
acc444eb5ad26f79d5a11baa6a03c439,moveis_decoracao,53.0,626.0,1.0,9400.0,35.0,45.0,45.0
f3088483fe1dfd4715e320d1b8324b88,livros_importados,42.0,157.0,1.0,250.0,33.0,2.0,23.0
f714f2e04474e89e781961c52081a5a7,esporte_lazer,54.0,1888.0,5.0,400.0,24.0,11.0,18.0
0cbeda603059c985268afd35128be303,papelaria,57.0,320.0,2.0,1450.0,38.0,30.0,28.0
9c21e4a14d74098b5d4e1126e706dc3a,automotivo,63.0,817.0,4.0,350.0,16.0,40.0,11.0
d2bcc21c60051598876d7c58318682c0,eletrodomesticos,56.0,362.0,1.0,150.0,18.0,8.0,13.0
8c870be13e6e06a1a88de95a856e2585,automotivo,60.0,827.0,5.0,1150.0,32.0,6.0,29.0
2e0725613e75303bb162ff2f58f112e0,brinquedos,27.0,254.0,1.0,200.0,16.0,10.0,11.0
ebf9bc6cd600eadd681384e3116fda85,cama_mesa_banho,37.0,86.0,2.0,1300.0,50.0,9.0,41.0
8215db96a612d69839c27866feabf350,beleza_saude,59.0,555.0,1.0,1075.0,17.0,13.0,15.0
01593b27eef404f592e6a3f1174493bf,cool_stuff,51.0,594.0,1.0,2000.0,50.0,40.0,30.0
9af4d74cc1b1181f4f35d4286c27bbcd,perfumaria,40.0,239.0,1.0,100.0,19.0,8.0,14.0
677883eb52acde220f6d79fe67bba70a,brinquedos,41.0,1517.0,1.0,1600.0,28.0,36.0,27.0
93a12c289ca2b78e7069e469f5053ef2,informatica_acessorios,55.0,408.0,1.0,233.0,16.0,14.0,15.0
66a7ca628024ae587fe4499b255bc26b,beleza_saude,39.0,599.0,3.0,350.0,22.0,12.0,17.0
52bfe70377e3296d08b76c72f622e257,pet_shop,51.0,3205.0,1.0,125.0,19.0,10.0,13.0
e4bd268c80d127fbf8757171e8d2b6b9,bebes,39.0,1590.0,1.0,700.0,50.0,30.0,40.0
1defdb58e117d7cfc318d002c2783b6b,papelaria,43.0,48.0,1.0,100.0,16.0,5.0,16.0
a327459c8e093ebc3666c0c6ff842589,relogios_presentes,50.0,463.0,1.0,270.0,16.0,8.0,11.0
550614095d4a8d359bf569ea168fe053,relogios_presentes,35.0,446.0,3.0,250.0,22.0,17.0,17.0
99ff40856c47a638df807c0a144470cc,moveis_sala,54.0,1108.0,2.0,30000.0,80.0,60.0,60.0
a8c575b4028403c1885a4bdceb27f439,moveis_decoracao,49.0,617.0,1.0,1050.0,30.0,35.0,30.0
f0f5a9211c208c91441a70cb5241214e,esporte_lazer,59.0,2087.0,1.0,200.0,35.0,15.0,15.0
2cab5fb805c35e09a71fc411c7849ec2,brinquedos,55.0,816.0,4.0,1000.0,37.0,35.0,25.0
07451cd3b4079198af66b134853aee75,cama_mesa_banho,55.0,484.0,2.0,6000.0,50.0,20.0,40.0
14ed7526330bb083481b32c7ab26f179,relogios_presentes,52.0,904.0,1.0,500.0,20.0,12.0,15.0
f50df3b65ee30912ca3e462971e1334f,informatica_acessorios,58.0,870.0,2.0,700.0,28.0,10.0,19.0
1fa728d99803c8849b5c95cfeaf9b60c,pcs,63.0,451.0,6.0,3000.0,30.0,6.0,42.0
67031f1b5ba68a9997efb630e43ada88,esporte_lazer,35.0,907.0,1.0,288.0,19.0,15.0,16.0
003128f981470c3e5a2e7445e4a771cd,esporte_lazer,59.0,1100.0,6.0,1550.0,16.0,10.0,16.0
9effb20dca634f869835e52c4d9b619b,relogios_presentes,29.0,1562.0,1.0,375.0,21.0,10.0,12.0
4419a1c234d848b2bc86c53b222499b2,perfumaria,46.0,827.0,1.0,500.0,16.0,15.0,15.0
b81a05d0dd312ece2140846909f5ef81,moveis_decoracao,43.0,1755.0,3.0,800.0,68.0,8.0,13.0
d2d39433df84064b1556612cc52cefca,relogios_presentes,54.0,199.0,5.0,250.0,16.0,2.0,20.0
43158180e30b3c0c252049265370d7b1,utilidades_domesticas,54.0,919.0,9.0,9660.0,31.0,37.0,25.0
06d7bbea1c245835d64a183587a3775c,sinalizacao_e_seguranca,34.0,409.0,1.0,1000.0,66.0,5.0,30.0
4dddd45aa241530edb5412e8846361fa,beleza_saude,57.0,1661.0,1.0,483.0,19.0,12.0,13.0
1ff03883acc92ad1f4eb8ed40ad25bf9,agro_industria_e_comercio,43.0,1100.0,3.0,900.0,20.0,5.0,11.0
5a4ff3aa2e6d215d457a8d706fbf2272,cama_mesa_banho,56.0,674.0,1.0,1325.0,19.0,17.0,23.0
6d8d9c9af735eae354cb0b43a9cbebfa,fashion_bolsas_e_acessorios,63.0,655.0,4.0,300.0,16.0,9.0,20.0
cf08577e1af3a53a0c2b0769af31b31d,cama_mesa_banho,53.0,89.0,1.0,500.0,20.0,10.0,15.0
8ea8e3150c4a9d5e683bf5f8d0561609,papelaria,56.0,155.0,3.0,400.0,24.0,7.0,14.0
7674e3decaed7f0ebef4717b1db8334a,automotivo,59.0,3152.0,1.0,250.0,20.0,4.0,16.0
769106ca9d176076a3f0debb980e64ba,moveis_decoracao,56.0,546.0,2.0,100.0,16.0,11.0,16.0
91d48f051858be85a524d623648cdf0d,utilidades_domesticas,36.0,336.0,1.0,950.0,22.0,2.0,20.0
5cd07c84a1c25575ac2fc3fa73f1d952,brinquedos,63.0,2873.0,8.0,1200.0,39.0,22.0,14.0
79fca321dbd3453bd8211690e39f1659,bebes,59.0,1045.0,3.0,1150.0,42.0,25.0,15.0
c0654cc48163d87a12f1088eb133db68,moveis_decoracao,60.0,813.0,2.0,3700.0,36.0,30.0,19.0
6421ae053bb80dff3ceae1f217f54ed4,telefonia,56.0,1081.0,6.0,335.0,19.0,9.0,21.0
b192be433004cc1f10b467c0e9ea309b,informatica_acessorios,57.0,977.0,1.0,725.0,25.0,8.0,24.0
3f26ccc2d547ea9b11e5ef9673fb40dc,telefonia,50.0,548.0,2.0,125.0,18.0,4.0,14.0
ae7d8348fbef50928a680454fffbca00,esporte_lazer,30.0,682.0,2.0,304.0,27.0,17.0,27.0
f5badee8a0e679f057ec0ca4f0f32dcb,construcao_ferramentas_construcao,59.0,427.0,8.0,450.0,20.0,10.0,15.0
c615805546392ec3b8a20c6590c4d400,pet_shop,54.0,261.0,6.0,2000.0,30.0,34.0,17.0
09ffd5e043f6d44ca166be7f91dab462,moveis_decoracao,58.0,315.0,4.0,800.0,32.0,2.0,20.0
9926323a78ee2ba9e3b282efce191cff,fashion_bolsas_e_acessorios,40.0,115.0,1.0,300.0,17.0,17.0,11.0
614d9b959168fce3e0cbd0645acbb666,moveis_decoracao,36.0,80.0,2.0,400.0,16.0,28.0,16.0
b9255fa1436215fbff730a7f26be45bc,esporte_lazer,51.0,61.0,2.0,850.0,19.0,36.0,24.0
1d94d1e0c7fb2dcf2811e093d2ca303b,,,,,17150.0,62.0,36.0,46.0
ec56bda3963299a95bf284b63581716f,informatica_acessorios,51.0,961.0,2.0,375.0,26.0,8.0,18.0
19396b91a7c64a48aff0f42cd35444a5,moveis_quarto,39.0,243.0,2.0,100.0,16.0,5.0,14.0
e2e921d1e2a5acc453c66618a9261b47,papelaria,53.0,247.0,1.0,1900.0,40.0,16.0,35.0
d915345cf6ab72f6efb99f28633c3487,beleza_saude,33.0,1622.0,1.0,125.0,18.0,15.0,17.0
3061f22c23c762d693442f90db51471a,automotivo,57.0,397.0,1.0,100.0,16.0,10.0,15.0
4e7814c736cac58bdcd4423ed76ca68a,fashion_calcados,58.0,404.0,4.0,1500.0,20.0,15.0,35.0
fd87595e4b416c50ca77899592f2bef3,cama_mesa_banho,55.0,505.0,6.0,1117.0,31.0,15.0,26.0
f5c0c21094c05855d475bc3890adb6dd,automotivo,59.0,1116.0,3.0,450.0,16.0,5.0,11.0
b5b7b02332726bc71ed7ad7899bc3b58,cama_mesa_banho,58.0,119.0,1.0,3800.0,35.0,15.0,25.0
6f7400c1577bd99fb7c9cd196edb6ae2,moveis_decoracao,63.0,837.0,1.0,2800.0,43.0,5.0,30.0
bd18ba59efbfa196a7d315caf66e8efb,automotivo,58.0,450.0,2.0,300.0,20.0,16.0,16.0
fb931f000171a7ce4963df2a8bbfe82a,instrumentos_musicais,45.0,154.0,1.0,550.0,30.0,10.0,20.0
f7641ea085e47945ed59b892a0e2fb4a,cama_mesa_banho,58.0,280.0,1.0,875.0,34.0,23.0,42.0
544f4b7ff50d0cfa47e70a27458c8d95,beleza_saude,52.0,2492.0,1.0,150.0,16.0,6.0,11.0
9653bfe8d97baee3031ad3d15b73584b,automotivo,57.0,773.0,1.0,1350.0,30.0,5.0,20.0
72d68b642dd7c1a360b571d247989e25,informatica_acessorios,60.0,2298.0,4.0,525.0,19.0,11.0,20.0
c86dde6d75b1c5f5c6ac95000a63b7a7,cama_mesa_banho,55.0,384.0,1.0,1650.0,50.0,5.0,50.0
db42edb381d7ffe41a162d344fb1de53,moveis_decoracao,35.0,569.0,1.0,2400.0,30.0,30.0,30.0
8e8be416148735cd89189a866eaa5925,automotivo,58.0,719.0,6.0,3550.0,53.0,43.0,11.0
ff5ecb2f7628793844e861076ab8e467,brinquedos,41.0,215.0,1.0,450.0,45.0,15.0,35.0
90375e3ead4149e7ce79f04c8f6c0545,automotivo,63.0,1985.0,3.0,5900.0,35.0,12.0,20.0
6592908f0a4f6e2de91310126cd1b08d,telefonia,20.0,538.0,4.0,189.0,17.0,15.0,15.0
f7cb23f8a75e563a826b0121408db6a2,livros_interesse_geral,24.0,1495.0,3.0,300.0,24.0,3.0,18.0
e4d1cdc6559e08672c98c73a21305521,esporte_lazer,52.0,303.0,1.0,150.0,25.0,5.0,20.0
22776ebd2bfdf5f55499fd324862a673,automotivo,42.0,878.0,2.0,500.0,20.0,8.0,14.0
cb43c6e1c451902b51f4f4ff512302df,eletronicos,21.0,286.0,3.0,293.0,16.0,7.0,11.0
00d2fa6f2a87633084c8e0400d41a65a,cama_mesa_banho,41.0,312.0,1.0,18550.0,54.0,35.0,45.0
9102363e9fd5fc8fa4c0719ee704c89c,utilidades_domesticas,55.0,93.0,2.0,1300.0,37.0,37.0,37.0
48ceb46f15a81d0d872c973bfbe3055d,automotivo,45.0,916.0,1.0,8800.0,50.0,20.0,20.0
54c9eeb3eec23150e817e2048c9c4c31,informatica_acessorios,52.0,218.0,1.0,800.0,34.0,15.0,19.0
a96d7b91547c9d381eef6793af2c639e,ferramentas_jardim,52.0,768.0,2.0,2900.0,30.0,20.0,16.0
0891f8ac9e3d7252ec5c162da0b0b86c,utilidades_domesticas,55.0,309.0,2.0,500.0,16.0,10.0,12.0
92d9e76c3678dc402b5d1a49f1ccc7f2,cama_mesa_banho,60.0,624.0,1.0,2550.0,45.0,13.0,35.0
5da565cf3754fc1af23b842113c1321f,fashion_bolsas_e_acessorios,31.0,793.0,1.0,100.0,16.0,5.0,16.0
28ea12eefe401cceb76c6026abfbcd71,esporte_lazer,52.0,671.0,6.0,1300.0,25.0,30.0,40.0
d5aaa8920fc54584d11c60ca1c277713,esporte_lazer,58.0,528.0,2.0,150.0,20.0,4.0,12.0
58e8a50e5d8d31362600e27bb4cddc29,utilidades_domesticas,52.0,882.0,1.0,600.0,33.0,18.0,24.0
9271d2541a43f8db13d164887228a189,brinquedos,53.0,341.0,2.0,2933.0,39.0,27.0,33.0
8e8d71f2bb02bf4ebb57a8017789f98d,cama_mesa_banho,42.0,1048.0,5.0,3350.0,50.0,12.0,40.0
af9418dfcdd7f19b51906a2f32cd6bc0,cama_mesa_banho,59.0,289.0,1.0,2150.0,34.0,9.0,33.0
51ff363ff8346f0fb99858f2c0954231,esporte_lazer,49.0,752.0,1.0,200.0,20.0,7.0,14.0
e493b6001e292d2cdb2c6172bac9d0a4,moveis_decoracao,46.0,709.0,3.0,1300.0,50.0,30.0,30.0
16078eb07519685083510f372565ddc7,automotivo,49.0,2304.0,4.0,300.0,16.0,6.0,15.0
b3d072a13181cceaf88c1a8de7c6e73a,automotivo,56.0,1326.0,2.0,650.0,16.0,28.0,16.0
f55cd6a68f96c3041176998ce1850ff3,,,,,200.0,20.0,5.0,20.0
80e8fdeeef442f075fbc30aea71f0d3f,informatica_acessorios,49.0,1175.0,1.0,650.0,16.0,25.0,16.0
bea56a01c32ef9befa1a9914cca8fc1e,utilidades_domesticas,31.0,259.0,1.0,450.0,19.0,12.0,12.0
5c134d92a99c77b568ae488b28a04c45,construcao_ferramentas_seguranca,59.0,1812.0,4.0,200.0,16.0,16.0,16.0
62633ec6c321f244f230ae94e9864d6a,telefonia,51.0,1350.0,1.0,125.0,21.0,6.0,14.0
7824bce065d8704739ac0fc0c8135d04,beleza_saude,54.0,353.0,2.0,7400.0,34.0,25.0,17.0
63dfa8b12200610ed7b5e41d3c888a25,cama_mesa_banho,59.0,146.0,2.0,1250.0,34.0,6.0,41.0
4aa6014eceb682077f9dc4bffebc05b0,utilidades_domesticas,43.0,1002.0,3.0,10150.0,89.0,15.0,40.0
8b52d90d2e8716dad633486c6cc94ecf,telefonia,48.0,504.0,3.0,408.0,14.0,16.0,15.0
2f20a2013902657c0800ddf524514e4e,cama_mesa_banho,55.0,392.0,1.0,1450.0,20.0,30.0,26.0
fe406983ad8b9e20a5b18801f39ece27,cama_mesa_banho,43.0,410.0,1.0,3213.0,49.0,19.0,42.0
5aadf21c27e505224812c9b055031c73,utilidades_domesticas,15.0,267.0,1.0,600.0,16.0,23.0,11.0
8ec2aeacda2a58c1e118e8c1ea90c605,informatica_acessorios,40.0,866.0,1.0,150.0,16.0,16.0,16.0
84de44e3c2ce8920c251f5d48aac6132,moveis_decoracao,49.0,962.0,1.0,2050.0,25.0,77.0,15.0
59526429f5ef2fd355737bd1883f7856,automotivo,60.0,932.0,3.0,700.0,25.0,25.0,25.0
c86f95986c7050bf988aed62520093e7,beleza_saude,57.0,1550.0,1.0,3700.0,22.0,22.0,22.0
c2ad928095a0d199c4d44b2194119ce2,papelaria,52.0,298.0,1.0,200.0,16.0,6.0,11.0
0723afa6f9a5a11c512396db0bb03051,papelaria,54.0,391.0,2.0,475.0,40.0,35.0,26.0
dad033afaf01ca7098672af45bdd3400,brinquedos,60.0,1235.0,3.0,1200.0,28.0,13.0,21.0
4e0dbe365a79679e8072f9ce716d3f5d,utilidades_domesticas,54.0,808.0,7.0,6125.0,40.0,23.0,25.0
b67841db204fe56a1b7d0b4d7c6fca8b,relogios_presentes,51.0,484.0,2.0,250.0,18.0,12.0,17.0
108fa3ef6742ead062d9ad59b471ce26,relogios_presentes,50.0,1263.0,2.0,400.0,16.0,11.0,12.0
710b7c26b7a742f497bba45fab91a25f,utilidades_domesticas,59.0,1933.0,1.0,1850.0,16.0,25.0,12.0
d3b6a4e19012dd1e65f587d3be501fc1,market_place,36.0,381.0,4.0,100.0,16.0,9.0,11.0
b44922681ddcd1565a9d62932f20dcfe,,,,,200.0,16.0,2.0,11.0
0906a34d45f9f37ebc1f2aa5ad4582c4,cama_mesa_banho,52.0,372.0,1.0,650.0,16.0,10.0,16.0
f21f412e0f365a657f34ec9e2c124353,utilidades_domesticas,32.0,909.0,5.0,400.0,17.0,10.0,17.0
8bab563be2e3316280e3990af91da7b7,eletronicos,49.0,190.0,1.0,133.0,18.0,11.0,14.0
56ebd551a33ae8e9955d1f8a4c37ef52,cine_foto,26.0,2521.0,3.0,1650.0,78.0,14.0,14.0
ba4f075aeb56726d1cf52b7ca557ca70,esporte_lazer,52.0,383.0,2.0,350.0,20.0,12.0,14.0
eb9962da8bc1136b2c1492184723ce26,esporte_lazer,59.0,806.0,3.0,600.0,95.0,15.0,15.0
dc5fd9c9989813f354c865854be80178,informatica_acessorios,56.0,388.0,2.0,125.0,14.0,11.0,11.0
2f785af0f4f132585052347521b90b29,beleza_saude,46.0,456.0,1.0,529.0,20.0,18.0,16.0
0ef32bf6866d39b5b0ae604798ecdae4,pet_shop,43.0,349.0,1.0,100.0,27.0,9.0,26.0
f324dfdc1e7097c078c8b2e3fb1dce0e,cama_mesa_banho,49.0,310.0,1.0,5600.0,45.0,20.0,37.0
0992c6cba95a13bfa68ea7d5e22d478b,ferramentas_jardim,42.0,671.0,1.0,3850.0,29.0,12.0,24.0
13b65def7883556df481f81caf3908c2,cama_mesa_banho,57.0,627.0,1.0,1000.0,16.0,10.0,16.0
88e59749c8b39fd1a9b7458147e0dc62,utilidades_domesticas,46.0,686.0,2.0,4100.0,55.0,16.0,30.0
0ca31cd8916e06a977f3596faddc6852,automotivo,60.0,703.0,6.0,9050.0,56.0,11.0,32.0
6cff6d6aec600f9164a32e927f72a6fa,esporte_lazer,48.0,262.0,1.0,600.0,22.0,15.0,22.0
0f96cb6fd0ba832f2d7a21d13b251526,informatica_acessorios,49.0,1245.0,1.0,2200.0,18.0,25.0,18.0
9aa27aaecd804beb57af8e700fd6e681,bebes,32.0,602.0,1.0,250.0,23.0,5.0,38.0
804f35d5834309996feeeb8a7ac361cd,pet_shop,56.0,837.0,1.0,1000.0,60.0,11.0,50.0
a24198acc2d0e8240c40d914bd18df04,esporte_lazer,42.0,1006.0,1.0,970.0,20.0,19.0,18.0
1713e5b60dfb5b779fd077af351624c0,eletrodomesticos,52.0,235.0,3.0,450.0,35.0,14.0,25.0
862e1c1b2c4a148c5a5b23dc0ced1fba,beleza_saude,52.0,1009.0,1.0,200.0,20.0,10.0,20.0
ceaaba49ab70be78825371ede54f32b4,perfumaria,44.0,99.0,1.0,600.0,20.0,20.0,20.0
9d967d813d8be59b6b5b21dc823155b4,utilidades_domesticas,46.0,879.0,3.0,9900.0,40.0,30.0,35.0
74b37d6e66e61aa0e4a79209aa28ccf2,moveis_decoracao,48.0,2023.0,2.0,600.0,68.0,8.0,13.0
83ee94d59dffaab56d55b5766c6d1211,automotivo,37.0,498.0,1.0,400.0,20.0,10.0,15.0
ea650c84a7d5aaf2a2c5f1b108de8f7c,telefonia,45.0,56.0,1.0,50.0,16.0,14.0,15.0
1b9f1774447f0b4aef58c96227324048,moveis_decoracao,49.0,633.0,2.0,50.0,16.0,3.0,11.0
3bb3e5caf47c7e92ed97227247e942a8,cama_mesa_banho,43.0,1362.0,1.0,3000.0,40.0,9.0,32.0
a2cc1ca6628697fcdaa51066d6aa3014,utilidades_domesticas,56.0,729.0,4.0,1600.0,16.0,27.0,40.0
f1f0860095cfa6521eb73bd997599888,moveis_escritorio,35.0,2245.0,1.0,15200.0,58.0,28.0,58.0
2be8ecb5cd02ca1391e177e38963fe9a,telefonia,58.0,486.0,1.0,100.0,16.0,6.0,12.0
25a69adae1b354beb056d4b740e841cd,cama_mesa_banho,50.0,762.0,2.0,900.0,30.0,4.0,20.0
2fcbaee260e3146369f5e4f2b2abe551,ferramentas_jardim,41.0,867.0,3.0,2000.0,45.0,18.0,12.0
2eefd8ed7a9782380fe14a1efdec7418,moveis_decoracao,29.0,1270.0,1.0,600.0,20.0,10.0,20.0
aac7416c2efb28528e5cf18c1f582053,brinquedos,44.0,71.0,2.0,800.0,39.0,30.0,29.0
ca96d665a6e7038a569277e6e1d34cbe,utilidades_domesticas,44.0,676.0,2.0,500.0,37.0,13.0,37.0
10c4eaf55e7f131da4a031ab54b62274,cama_mesa_banho,59.0,289.0,1.0,3950.0,40.0,12.0,38.0
c6bf4cdc2fc9ca1189d18f026d95af07,utilidades_domesticas,58.0,1237.0,5.0,5250.0,81.0,13.0,31.0
e3e6b07f8e08fc8862ab0fcaf76dbde4,construcao_ferramentas_construcao,59.0,342.0,2.0,150.0,20.0,6.0,20.0
2d915801b31f1140810a5bfe56f40276,cama_mesa_banho,60.0,325.0,1.0,1650.0,45.0,15.0,35.0
3f40e0e434d939f380a29f5e863cfb9f,pet_shop,58.0,2448.0,2.0,1650.0,45.0,8.0,40.0
a7329b3e52d13627c92b24a745e70873,moveis_decoracao,62.0,1702.0,1.0,800.0,60.0,11.0,11.0
4a52073965ad17f345f579bdbdbabd74,perfumaria,58.0,301.0,1.0,350.0,16.0,5.0,11.0
36af22070302e9864c747cfc1f76dce9,ferramentas_jardim,59.0,1543.0,4.0,15500.0,33.0,20.0,80.0
b0adc96f418350c23fa6ce8a1d0aa328,beleza_saude,49.0,221.0,1.0,613.0,20.0,7.0,11.0
afe03a970bfcfb89d67682980d6ffed5,papelaria,52.0,756.0,5.0,450.0,18.0,18.0,18.0
9c8d6227bbe62913ca96217005540fda,esporte_lazer,35.0,274.0,2.0,500.0,25.0,20.0,20.0
fdd6cd13962a20732851bc7cefd37549,cama_mesa_banho,53.0,190.0,1.0,350.0,36.0,4.0,25.0
5b71073dc2a8c72a945d7c5000c3c199,bebes,35.0,265.0,1.0,218.0,18.0,19.0,17.0
434487f82b5c35646bd8155cf1946179,alimentos_bebidas,25.0,385.0,1.0,600.0,16.0,16.0,11.0
664a3e65f7a940066cd9881c28c47f57,musica,51.0,1321.0,1.0,200.0,22.0,4.0,16.0
c91a4838537a5f096143003b1a72ec58,brinquedos,29.0,165.0,2.0,700.0,35.0,16.0,25.0
d103a59e482517dd37f6865b1bf5499d,ferramentas_jardim,55.0,1209.0,3.0,1650.0,25.0,25.0,20.0
c7fd13b5e515bffdab855d0812842edb,moveis_decoracao,46.0,490.0,2.0,1350.0,30.0,20.0,20.0
4ceab0364ce2bef8363b89f4719bbff7,cama_mesa_banho,57.0,296.0,1.0,2100.0,53.0,27.0,40.0
cc3361c59c7af3bd862f41df044549e0,eletroportateis,49.0,588.0,1.0,6600.0,41.0,38.0,28.0
20c7734379b9740b6ac065132d5a353c,papelaria,49.0,373.0,1.0,550.0,16.0,10.0,15.0
0cb3a271c0da633b811ac57f0c63d48d,utilidades_domesticas,52.0,902.0,2.0,2850.0,16.0,33.0,12.0
266bd39cb9a2ea456f82d4175e6306c4,esporte_lazer,44.0,979.0,2.0,7150.0,90.0,20.0,25.0
4757a525c7f6a182f4c63e23686a092d,consoles_games,50.0,1220.0,4.0,900.0,30.0,15.0,22.0
c4b925e40f11289063a854c47aaef129,eletronicos,39.0,286.0,3.0,100.0,20.0,20.0,20.0
3b91132e7eebaa17b615edbcdb5baa8e,construcao_ferramentas_seguranca,45.0,1312.0,1.0,700.0,18.0,23.0,19.0
f0424e66b65e73c95273f64fa036f3f5,utilidades_domesticas,37.0,409.0,2.0,8600.0,38.0,28.0,32.0
722f84416177a451c3be217ef8ffa082,moveis_decoracao,57.0,849.0,1.0,19200.0,58.0,40.0,50.0
0ec6e7e13e4987eee4e1081a3472f5b6,moveis_decoracao,55.0,672.0,1.0,1550.0,60.0,30.0,30.0
cad04bbd56e9e1392a586f51477a7e3b,utilidades_domesticas,42.0,1158.0,2.0,550.0,60.0,10.0,15.0
8a4505505378c8f5d983f3201e9c25da,beleza_saude,47.0,1400.0,1.0,325.0,19.0,20.0,18.0
06e73ddcb54620a36bfdb2e073c4dc40,fashion_bolsas_e_acessorios,48.0,357.0,5.0,150.0,16.0,9.0,11.0
884544808d4c1b6c5051646a85330fa5,telefonia,60.0,606.0,2.0,150.0,16.0,5.0,11.0
f0effb9347ed5787c680f4c756f0bbdb,papelaria,38.0,852.0,1.0,462.0,18.0,13.0,14.0
845968d70e40e2ceece1bc1d3f5812d7,cama_mesa_banho,60.0,389.0,1.0,400.0,16.0,10.0,16.0
2da442c298a7943c6787953d7f42b911,cama_mesa_banho,53.0,688.0,1.0,1133.0,28.0,6.0,20.0
955ef07f4e61b2033c9d6af6a6b61783,cama_mesa_banho,54.0,290.0,1.0,1700.0,34.0,9.0,33.0
7db0be610d29a1eef23666fd3da04544,cama_mesa_banho,44.0,171.0,1.0,1200.0,45.0,10.0,15.0
6e9c52b407fea24064f7ab2b144fbf8c,bebes,56.0,1395.0,7.0,13575.0,71.0,81.0,44.0
6eb364d89e0060b1e8941218b5390416,eletronicos,55.0,234.0,1.0,100.0,20.0,7.0,12.0
6aef77cdfe08cd913ecf82f04149e0d3,beleza_saude,37.0,293.0,1.0,800.0,40.0,40.0,40.0
ec222365cd276f7e9c328d64f023c6ac,eletrodomesticos,50.0,200.0,3.0,250.0,27.0,13.0,17.0
7b67d49bc14fc6014038578cb4eca3cd,automotivo,48.0,683.0,2.0,1450.0,20.0,20.0,20.0
4e0d588f8e002f2bad9cbe0b8f66f6f6,,,,,200.0,25.0,5.0,15.0
c9c455f9fd8ca66d3ff7f90a249753b4,esporte_lazer,63.0,1599.0,5.0,500.0,25.0,14.0,22.0
738e3bc419b014194ec3587e2321bf61,automotivo,48.0,334.0,1.0,500.0,30.0,30.0,30.0
c5f80e9b4f6f51bc7cdb5d004643262a,beleza_saude,58.0,767.0,5.0,8900.0,38.0,88.0,30.0
7c55ea4aea1acf1ce11440010f5aa298,utilidades_domesticas,60.0,1800.0,7.0,9900.0,60.0,50.0,20.0
321cea6c65a44a9abde31f677f976c63,cama_mesa_banho,33.0,247.0,1.0,1450.0,38.0,18.0,29.0
494e28e86f2b12df2d95e9d55266ef4a,telefonia,53.0,496.0,2.0,90.0,19.0,3.0,11.0
caf864611f0c6a9c238876119d725182,brinquedos,13.0,574.0,1.0,1575.0,37.0,14.0,27.0
16e1eefb15c1601a11fefb18fd3d6036,cama_mesa_banho,60.0,530.0,8.0,1225.0,43.0,38.0,37.0
521682cf03ee68298c76c63ebd8a2f0f,instrumentos_musicais,42.0,2115.0,2.0,125.0,16.0,3.0,12.0
008686d56f4c85b987a4c24a286834c1,cama_mesa_banho,44.0,216.0,1.0,2200.0,37.0,10.0,32.0
09b72772aef83d207e149857fc22dbd3,papelaria,53.0,288.0,1.0,1500.0,20.0,50.0,40.0
592cc6634d2c783d297effc0b828bc37,eletronicos,57.0,1198.0,2.0,250.0,20.0,20.0,20.0
057df564fda79ad8fa5e1928dfbe3e8c,cool_stuff,47.0,867.0,1.0,300.0,25.0,10.0,20.0
7dffa5a576c3022da3db58e3b829f886,relogios_presentes,54.0,395.0,2.0,550.0,25.0,13.0,25.0
1a986b4015f20a3c26d8573a46dcf65e,cool_stuff,46.0,269.0,1.0,300.0,34.0,5.0,27.0
6bb340ddddf26fad46161b199d171cdd,telefonia,51.0,2113.0,1.0,529.0,21.0,15.0,23.0
d4cd62aeff97bcd3154deb9488f0cc5c,beleza_saude,15.0,726.0,1.0,450.0,16.0,2.0,11.0
6aa9740a46ea4e7de763a1ab64e2a8d4,papelaria,59.0,91.0,2.0,500.0,20.0,30.0,20.0
72d4a1fccf33a998eb237a97be04c032,moveis_decoracao,63.0,360.0,3.0,2200.0,30.0,12.0,32.0
256c61261c818dab727fa2a60d8964ca,moveis_escritorio,53.0,1092.0,1.0,8638.0,51.0,62.0,26.0
a25583531530c0913ea4dee2c5c73685,perfumaria,30.0,138.0,1.0,150.0,20.0,7.0,20.0
b71bc7e6eb8878eb552d6a009097238d,automotivo,37.0,305.0,3.0,1150.0,30.0,20.0,30.0
9c522bd0c17e3f233d657b8faec798b6,automotivo,60.0,865.0,6.0,2050.0,30.0,25.0,30.0
dddeb2ee7ac86f0b08c51249f8f329ec,moveis_decoracao,54.0,198.0,5.0,1350.0,30.0,25.0,25.0
01849445c151d94a1f0cfff03c9ed154,cama_mesa_banho,60.0,146.0,2.0,1200.0,34.0,6.0,41.0
062907032db5e0c065bab136233a9544,cama_mesa_banho,52.0,544.0,1.0,606.0,30.0,9.0,28.0
70adb75b3b2e86cffbb697c90867c3f3,moveis_decoracao,31.0,437.0,2.0,100.0,65.0,11.0,11.0
ff7b4560eaf93a8848cd5fde641f39c6,relogios_presentes,60.0,697.0,2.0,250.0,16.0,11.0,12.0
db9f62e6fb453028d58b26fa46c56d31,bebes,35.0,408.0,1.0,100.0,20.0,6.0,15.0
879b84c7cf2433c4fa8f416a780109a8,brinquedos,47.0,909.0,3.0,200.0,20.0,25.0,25.0
34502b3a0c6af7c9b8bce8a8af0aa048,cama_mesa_banho,54.0,265.0,1.0,1500.0,38.0,13.0,31.0
bc137217dc0cb0559a1f46e0500f50b6,bebes,38.0,596.0,2.0,300.0,30.0,8.0,12.0
81a7ce9e5b3c92b523c22a4d3d3e05f4,utilidades_domesticas,60.0,213.0,1.0,450.0,16.0,30.0,11.0
85c39c98aac0283cda6c5e6721749c8b,papelaria,43.0,482.0,2.0,550.0,20.0,20.0,20.0
89fe9f3c22efcfa4bd05c0cf71c70a18,pet_shop,53.0,482.0,2.0,200.0,18.0,9.0,14.0
72d3bf1d3a790f8874096fcf860e3eff,brinquedos,57.0,341.0,2.0,583.0,20.0,21.0,20.0
34cccfd20accc19f71b0eecf4106331b,esporte_lazer,34.0,839.0,1.0,117.0,16.0,11.0,12.0
43a888fc6acdffc23011578f63d5f045,moveis_decoracao,63.0,308.0,2.0,1200.0,30.0,30.0,30.0
6ef1b4541a8b88076d3833f127617025,relogios_presentes,39.0,361.0,2.0,400.0,21.0,14.0,14.0
7374fc6499912f1f91f7cc2bbddb0869,instrumentos_musicais,54.0,1012.0,2.0,1925.0,21.0,18.0,15.0
48cf041a87beac458328d395d035515a,telefonia,58.0,428.0,2.0,150.0,19.0,4.0,11.0
4ed86bcb86407328452ac1c5b3b89d67,bebes,59.0,255.0,2.0,500.0,30.0,8.0,35.0
c9dbe2eec19a8093cb5ac57486531c18,cama_mesa_banho,55.0,124.0,1.0,1375.0,30.0,6.0,22.0
4b6b3a7072d549354c3743dedbf4170a,relogios_presentes,60.0,160.0,3.0,350.0,16.0,2.0,20.0
f06eacf8d7279dfb3018a75f7ce08840,automotivo,52.0,561.0,2.0,900.0,56.0,12.0,16.0
8a83947ee16d41d5e83dd90b7d28caee,esporte_lazer,57.0,376.0,5.0,700.0,60.0,8.0,17.0
6c8b2975a4a05d1f36948b20753b29ca,ferramentas_jardim,47.0,895.0,9.0,1500.0,45.0,10.0,35.0
b88dd8936e5b854a19d8601fe9699cab,moveis_decoracao,37.0,515.0,1.0,800.0,16.0,23.0,16.0
0a8611ab07b16ada9f45900722ed0e5d,cama_mesa_banho,60.0,617.0,2.0,683.0,57.0,4.0,28.0
0bde5c9ff4a756aed7fe09a8a3bb0dfd,pet_shop,29.0,363.0,1.0,12450.0,69.0,36.0,30.0
d654b576d9c9844bd7f6468421a38f48,automotivo,52.0,840.0,8.0,2600.0,20.0,40.0,40.0
81ec0756335856bf7e5bd40073652c44,esporte_lazer,60.0,326.0,5.0,600.0,40.0,20.0,20.0
e256d05115f9eb3766f3ab752132a4e2,informatica_acessorios,42.0,399.0,1.0,740.0,26.0,15.0,19.0
ff185e3474ddf11f1c87316de80f24b7,fashion_bolsas_e_acessorios,54.0,549.0,2.0,200.0,16.0,3.0,17.0
006508eabcc19ae52ed87323124ad0e9,construcao_ferramentas_seguranca,50.0,984.0,2.0,246.0,22.0,15.0,19.0
8d4ad4de724b1ef73a5678900ac69644,informatica_acessorios,46.0,1418.0,4.0,459.0,26.0,18.0,16.0
612f9101c59a6a365b661f2546fdceda,pet_shop,46.0,845.0,1.0,500.0,25.0,20.0,20.0
b917d488bd4ad4225f8d046a32e2d122,pet_shop,63.0,687.0,2.0,200.0,20.0,10.0,20.0
aece157b74fa793277ecc4e94bedf9a0,papelaria,59.0,226.0,5.0,8150.0,35.0,60.0,40.0
a3ade87bbaa7f21569a935c8e3ab5b71,moveis_decoracao,58.0,185.0,1.0,900.0,35.0,3.0,26.0
592622a6e083df9d90d48ee459f6ed80,beleza_saude,34.0,1339.0,1.0,175.0,19.0,18.0,18.0
8ae2a62356fe10b4261e16268508ddb5,malas_acessorios,47.0,397.0,1.0,4100.0,30.0,35.0,40.0
366980848ec5025f19199579ff57bd6d,construcao_ferramentas_construcao,54.0,657.0,1.0,3800.0,27.0,7.0,27.0
4ae289635418a8110ea2d5fb86472c63,utilidades_domesticas,50.0,448.0,4.0,1950.0,35.0,29.0,12.0
3f1a72ca5261f897ba5ec6370f37151b,relogios_presentes,48.0,709.0,6.0,547.0,21.0,12.0,16.0
7104eafd29c0b00fe99250034af0d978,consoles_games,48.0,2532.0,3.0,998.0,27.0,13.0,24.0
07ffc018eaf23e086370dea42c74077b,construcao_ferramentas_jardim,55.0,2039.0,5.0,185.0,21.0,7.0,14.0
ffd2365fb8224dc66883df9351d65deb,relogios_presentes,60.0,630.0,2.0,333.0,16.0,12.0,13.0
ec3a3abf1c577856f4dafa59c126dccd,moveis_decoracao,51.0,1941.0,4.0,2400.0,105.0,3.0,70.0
766be6c33b2024c3e45a2a9bb706f718,esporte_lazer,46.0,633.0,2.0,900.0,28.0,25.0,25.0
cbbc2be2dd13b09f354a19a987e05924,moveis_escritorio,60.0,1252.0,1.0,7850.0,52.0,51.0,17.0
7d603b9650fad957621945c193cc2df3,utilidades_domesticas,45.0,1232.0,2.0,917.0,29.0,16.0,16.0
fa052b8f8028fd0a75b6b2671b1e1cfb,moveis_decoracao,56.0,1180.0,3.0,400.0,50.0,3.0,25.0
849bbcb8cdb844f1cb82330de929a1e5,malas_acessorios,48.0,595.0,2.0,1400.0,33.0,16.0,45.0
6716bacdbe7f9fe15a010be19fc29cce,moveis_decoracao,59.0,1953.0,1.0,850.0,69.0,11.0,11.0
0fdfe56a4dfd7aab5a321fe89f7fc63d,cama_mesa_banho,54.0,190.0,1.0,1350.0,35.0,15.0,25.0
eeeb2241b2cde4b94bc73dbc8e5c7586,esporte_lazer,45.0,1322.0,2.0,500.0,26.0,16.0,21.0
0bd5c2b2dd207f23739a694f006d63e6,moveis_decoracao,28.0,1209.0,2.0,2000.0,80.0,20.0,20.0
c91906227d5fd5c07a47510e1651e46c,bebes,44.0,487.0,1.0,13250.0,62.0,47.0,32.0
9f51209599d82cd4c08f2d1c9442f507,esporte_lazer,58.0,380.0,1.0,475.0,20.0,6.0,12.0
08922ac36480e00c6972216735d44693,relogios_presentes,55.0,184.0,6.0,300.0,16.0,2.0,11.0
33fd25c03ded294654c7d7ed6677c475,utilidades_domesticas,41.0,874.0,1.0,4213.0,35.0,17.0,22.0
eb973cc4544c2ff1016bcaf981ca1f18,utilidades_domesticas,56.0,1033.0,5.0,600.0,24.0,6.0,16.0
80ba61cb89c5cc6f704b91b30fae834c,brinquedos,45.0,231.0,6.0,400.0,20.0,20.0,20.0
917afb4390e71cdc8adba6dfdb9523d4,automotivo,55.0,651.0,5.0,6300.0,78.0,4.0,47.0
b92a7304ebad1ca5b393b53b2de5c70a,moveis_escritorio,55.0,1292.0,1.0,9725.0,53.0,52.0,17.0
4a69179fab5ff745a1fc23748d65551e,beleza_saude,51.0,1294.0,2.0,1025.0,21.0,10.0,16.0
bb56f93a193b61dbb3ccc35c2cdd317d,moveis_decoracao,60.0,903.0,1.0,700.0,22.0,22.0,11.0
4611bb7e0ac415d6ae411925356bc93a,telefonia,55.0,518.0,1.0,150.0,18.0,4.0,11.0
58b9219b342b712be58665cdeff68b30,beleza_saude,35.0,772.0,1.0,200.0,16.0,12.0,11.0
f3ce47ccf98da2906f6b8b1387618e07,utilidades_domesticas,59.0,987.0,1.0,10250.0,35.0,50.0,35.0
210a8305d79b2f5719cbafb2c026797f,esporte_lazer,60.0,521.0,1.0,650.0,24.0,10.0,20.0
e2ea268601d73de5126e2616e00be1cc,automotivo,58.0,92.0,2.0,100.0,16.0,8.0,16.0
e9e8ec421793c31261cde20786e9ff16,malas_acessorios,27.0,512.0,6.0,5000.0,50.0,45.0,25.0
01217a683550744160a91eaa46a92305,perfumaria,58.0,468.0,4.0,1300.0,25.0,20.0,16.0
232ae93f6ac6e6a57c1b34b312eb3826,automotivo,59.0,1066.0,4.0,100.0,24.0,2.0,17.0
946344697156947d846d27fe0d503033,cama_mesa_banho,55.0,619.0,1.0,500.0,16.0,17.0,17.0
7d49a5410d8c53d37ad9167e32e65e1c,utilidades_domesticas,60.0,240.0,1.0,2350.0,40.0,10.0,35.0
bf065a81717b583b62536e13b5e2576d,brinquedos,63.0,1292.0,3.0,1700.0,16.0,32.0,46.0
394022f6655a84ccaf2e13389a8ec779,bebes,60.0,1299.0,1.0,10745.0,47.0,58.0,43.0
5abf8ac7fdb8291904445c4bd64ac917,malas_acessorios,55.0,596.0,2.0,4200.0,55.0,25.0,37.0
19ac4a7de40be5bd72347162024983f2,,,,,200.0,16.0,2.0,20.0
30cd699c7958f8352c9f479572eb66ad,informatica_acessorios,55.0,1183.0,1.0,100.0,16.0,16.0,11.0
752cc72634eb0d850747733e9bd4b0b6,informatica_acessorios,60.0,645.0,1.0,1125.0,27.0,17.0,12.0
079189201e6c6f0b0f70d118fff53fd5,beleza_saude,36.0,1331.0,2.0,450.0,20.0,6.0,13.0
74edd82bf577cf5da467e2ba67c8305f,papelaria,59.0,695.0,3.0,250.0,16.0,6.0,11.0
4e9e7d1bed5934971a6ac480a0f5069f,pet_shop,35.0,503.0,2.0,1500.0,40.0,45.0,30.0
9dd7fca4adb5b63da29c93f3d47a66c2,audio,55.0,1443.0,1.0,400.0,20.0,8.0,16.0
3df02779fb868fabf6f42649c50b6046,malas_acessorios,44.0,215.0,1.0,700.0,46.0,10.0,36.0
cf951c39ef0ca44ee11278e4ece167d1,,,,,1200.0,64.0,11.0,15.0
efaadc79a826a716708034fba428f44e,brinquedos,59.0,263.0,3.0,2975.0,33.0,38.0,49.0
566a4f2c4385f36d15c00dfcaae132d1,eletronicos,43.0,391.0,1.0,150.0,25.0,7.0,16.0
3303c5bebf8d9dd9394a38501c4033f6,moveis_decoracao,62.0,222.0,9.0,1100.0,31.0,11.0,26.0
041b5d4393ea83147e2a07e55cd5359c,cama_mesa_banho,40.0,537.0,2.0,3080.0,23.0,37.0,19.0
0645a55c7e265509606125e11b6fa2f0,moveis_decoracao,58.0,554.0,2.0,483.0,47.0,6.0,34.0
64a729b37766f9411a1f786ff060cc85,informatica_acessorios,60.0,2692.0,2.0,6550.0,19.0,40.0,50.0
e952feb7c657aae141c56f208088d511,,,,,600.0,16.0,30.0,11.0
ac9582d10bd0aa9ee0e32da77c4495b6,fashion_bolsas_e_acessorios,31.0,177.0,3.0,200.0,24.0,9.0,16.0
c8739aab0307635a23981f93dff12a9c,papelaria,50.0,225.0,1.0,1000.0,18.0,48.0,35.0
20332c1e41e427864b3561a657caaf0d,relogios_presentes,59.0,916.0,1.0,700.0,16.0,12.0,12.0
da21de83c22b0b56be14738b1bd6348f,cama_mesa_banho,59.0,596.0,1.0,450.0,27.0,6.0,22.0
651fe753ea1d6ad3d5744c1bffd3d6e1,beleza_saude,56.0,609.0,1.0,50.0,16.0,16.0,11.0
0728762c24ff18a068967202e803eb07,bebidas,51.0,2853.0,1.0,1300.0,24.0,24.0,24.0
9ae571ce02784cd1dd2e3923fa636058,esporte_lazer,55.0,1350.0,1.0,18200.0,19.0,10.0,22.0
eee9f2330ff9789be1480d98f060a7ae,consoles_games,30.0,288.0,1.0,200.0,25.0,20.0,15.0
29781581fb82fe2389560a3a5331d0ee,utilidades_domesticas,20.0,90.0,1.0,150.0,25.0,24.0,25.0
ef7465961a25c8e59ef03770142bbb12,informatica_acessorios,31.0,589.0,2.0,240.0,18.0,10.0,14.0
e4a559e4d11658f9979148efee14c535,bebes,29.0,635.0,2.0,200.0,20.0,10.0,15.0
a1b6b22c8c1e02e979fa25529704fec4,brinquedos,28.0,635.0,10.0,200.0,16.0,6.0,11.0
f5889057b0c061390ce20f4b7b842ac0,cama_mesa_banho,59.0,392.0,1.0,1100.0,25.0,20.0,20.0
4673b61bd1649eb349682ceb2449e34b,cama_mesa_banho,43.0,100.0,1.0,200.0,23.0,3.0,16.0
9c7863b2663286413b046eada6f29ee3,esporte_lazer,56.0,503.0,4.0,850.0,17.0,10.0,15.0
3f884cbd108b288036c2e707bac1a5cb,esporte_lazer,56.0,150.0,1.0,1300.0,60.0,11.0,23.0
347218313fef22ddc3bde07fd578b804,moveis_decoracao,56.0,302.0,1.0,650.0,25.0,40.0,25.0
ad19bca6e0f1919433d7e21d534ddb50,livros_interesse_geral,42.0,1109.0,1.0,900.0,18.0,25.0,16.0
562cdf9387a027681e0a59b4202e9a40,cama_mesa_banho,51.0,311.0,1.0,550.0,35.0,8.0,30.0
15d30ec01983f8e4e69ff7ee703e5815,papelaria,41.0,100.0,1.0,1275.0,39.0,21.0,27.0
4b2653088591de362e6ba85b4a474c75,cama_mesa_banho,49.0,603.0,2.0,18800.0,40.0,30.0,50.0
b92ac6d6776fda2be95ee60ab90611ab,moveis_decoracao,56.0,184.0,1.0,8550.0,40.0,32.0,40.0
1c5bd6a742367ec4d654a0859523e880,bebes,45.0,821.0,4.0,4550.0,40.0,10.0,40.0
584d2350fb1072911718eaa31989d474,livros_interesse_geral,28.0,363.0,1.0,200.0,27.0,9.0,18.0
417e213344336988e562ccc3975987f4,beleza_saude,59.0,770.0,1.0,1501.0,28.0,24.0,21.0
a24e985fc6dbd5f0e50b2a013fd72ed4,automotivo,42.0,180.0,1.0,400.0,16.0,2.0,11.0
0e669e3efedd9f3ab75fcbe334e1177e,brinquedos,33.0,628.0,1.0,1310.0,60.0,12.0,24.0
8c2ace0ccc2dc2fef3d1b481eebb592a,moveis_decoracao,59.0,1492.0,3.0,2525.0,88.0,4.0,87.0
1f3c4e3bcb3d2d1c4da4692dbf20de5a,perfumaria,58.0,686.0,1.0,277.0,17.0,13.0,12.0
6617dc0e4b4e8c383c5b34faaa2da4ca,livros_interesse_geral,36.0,1121.0,1.0,650.0,17.0,5.0,22.0
cca1dad310ba4e619250bc2dffa5dc75,fashion_bolsas_e_acessorios,35.0,545.0,5.0,200.0,16.0,11.0,11.0
abe171a94bee936786955f928bd764ab,cama_mesa_banho,54.0,553.0,1.0,1300.0,35.0,9.0,25.0
eefb750a45a4ba505ffd4813ecaf2b18,moveis_sala,57.0,1054.0,2.0,2000.0,26.0,10.0,19.0
db38d1338de679229f55fcf762f63d7c,automotivo,41.0,1146.0,1.0,2775.0,60.0,21.0,25.0
c395a11dd90b985496c100861b7c4710,cama_mesa_banho,42.0,188.0,3.0,150.0,16.0,6.0,20.0
298532d06986d6132e5222b9362ad942,moveis_decoracao,57.0,1749.0,3.0,2250.0,105.0,3.0,70.0
686f5682d2be7689714c5fae465de396,ferramentas_jardim,40.0,275.0,1.0,150.0,16.0,2.0,20.0
b1710c76a2b88d24f13cf3afbb18d700,telefonia,60.0,818.0,6.0,250.0,17.0,4.0,12.0
d4548e7ab697993ec51d864766a8ea4f,relogios_presentes,43.0,632.0,2.0,532.0,19.0,13.0,15.0
1d38e85c3c89665e3c1d5cc5e6a829d6,brinquedos,46.0,604.0,2.0,1133.0,33.0,23.0,21.0
86084efc9098bd3f03a8adff0196293c,cama_mesa_banho,58.0,2063.0,2.0,1150.0,43.0,8.0,33.0
8f0877b2fd784f6948e606be7f04744c,utilidades_domesticas,59.0,414.0,1.0,700.0,30.0,30.0,30.0
4cfd7d1aae59a0b4f117e39ccbb0deec,cama_mesa_banho,58.0,663.0,1.0,900.0,29.0,4.0,36.0
cf857bce01d442bb8631a548a4432def,bebes,56.0,1123.0,4.0,1533.0,39.0,13.0,32.0
12bc40cc267092a471dfd683058c8142,moveis_decoracao,56.0,1988.0,3.0,2550.0,65.0,8.0,45.0
7783fe1498ca5fafb9bb45c8a1d117e4,eletrodomesticos,52.0,236.0,1.0,100.0,27.0,13.0,17.0
9e658d39c905e71cc35ec057b88b185b,esporte_lazer,27.0,716.0,6.0,675.0,41.0,21.0,21.0
40bc967f033c88458d226825e3293ed9,fashion_bolsas_e_acessorios,48.0,731.0,1.0,300.0,16.0,2.0,11.0
bd0ac51dc93e62c4dbe6ca9d70a9b311,automotivo,57.0,974.0,2.0,300.0,16.0,11.0,11.0
9298a9128d39e1ff0dc62e143e8bd328,cama_mesa_banho,57.0,150.0,2.0,1300.0,47.0,21.0,41.0
6217dab6fce05a4924116e90d7f301c1,informatica_acessorios,54.0,309.0,1.0,1000.0,36.0,22.0,25.0
2fc854e3ed45da2c8e6031bf79521203,cama_mesa_banho,58.0,278.0,2.0,900.0,40.0,10.0,50.0
4632bc49b300378ed4f1d48f424d414e,automotivo,33.0,513.0,2.0,795.0,30.0,15.0,26.0
b31b3d9e4c6ad3265d8f77f243e3f0d9,casa_conforto,43.0,284.0,1.0,200.0,16.0,16.0,16.0
0e71c6a889baea05c4c9ce1b0d58114d,moveis_decoracao,48.0,278.0,3.0,900.0,30.0,20.0,30.0
4228948b18fa440eee77ce59e7051853,telefonia,55.0,712.0,2.0,200.0,20.0,20.0,20.0
fb7b0b000e62f37b2d53546b843201b8,cama_mesa_banho,54.0,1050.0,1.0,2800.0,33.0,19.0,45.0
1358be13996236fe81c97f6bc997fbb3,eletronicos,34.0,441.0,1.0,200.0,38.0,24.0,17.0
95d9994fadaf3720792cb0f1db17f782,artigos_de_natal,60.0,298.0,9.0,1000.0,35.0,30.0,35.0
93d8b11d613a563f5a26212282bb145e,moveis_decoracao,60.0,1629.0,1.0,400.0,16.0,2.0,11.0
a082e9e8862e9af2f5a67c2dd1594010,esporte_lazer,54.0,1411.0,1.0,9200.0,48.0,26.0,29.0
bfe971134cd80983396db76ee3c9d79d,esporte_lazer,42.0,1249.0,1.0,4600.0,20.0,26.0,20.0
771fdcb0db87731f794a0e723e93b732,fashion_roupa_feminina,63.0,437.0,4.0,300.0,36.0,6.0,27.0
215d6de5878361301ea712b9d36dee94,brinquedos,59.0,410.0,1.0,1164.0,17.0,22.0,28.0
15dde66eab29d86c576343ead646ccd2,cool_stuff,37.0,360.0,1.0,831.0,36.0,27.0,39.0
eb4ce1251cfec891df49b09dda5095b0,alimentos,37.0,499.0,1.0,600.0,22.0,10.0,16.0
25f81026d0b5452fcb9dcf95a155c093,cool_stuff,32.0,304.0,3.0,450.0,35.0,5.0,25.0
a8c6a80cff824c02863660b09d8a5502,perfumaria,37.0,641.0,1.0,200.0,16.0,3.0,12.0
7fbf3cba00dcf6da3f7c0fe6a162b4c1,beleza_saude,51.0,556.0,2.0,250.0,20.0,10.0,15.0
ec019a7e1feb42072e2a07b6317c7edb,brinquedos,48.0,135.0,1.0,10550.0,65.0,7.0,45.0
0b4b59f6bcaf697444a8b7b14f630b15,cama_mesa_banho,54.0,714.0,2.0,12150.0,45.0,40.0,32.0
723e9600f7fff7de1d8544ecdfb97104,esporte_lazer,58.0,220.0,4.0,400.0,30.0,6.0,20.0
ae04d3b0fa8cd38fa974ec0c4c03c5ce,eletronicos,49.0,429.0,3.0,5525.0,20.0,18.0,15.0
bc68b4f9aacf4761a51fe96ac9cb6d62,telefonia,20.0,296.0,3.0,200.0,19.0,3.0,11.0
ca9c04665b3deab07935392e7432cdbe,moveis_decoracao,45.0,1923.0,2.0,600.0,68.0,8.0,13.0
a25fb4516757403b129bcfe366dddb9b,cama_mesa_banho,60.0,335.0,3.0,6050.0,60.0,10.0,60.0
e8f487b9cb03fdb7daf2505822570853,cama_mesa_banho,52.0,1413.0,1.0,875.0,20.0,22.0,27.0
ba9265216c522801fe15027496aade98,automotivo,60.0,651.0,5.0,4600.0,72.0,4.0,44.0
92857a2b590adeae8d5992511dc197e9,alimentos,44.0,1373.0,1.0,1358.0,27.0,21.0,20.0
9e927cd87b7c76f32f8f42ef2ede7923,esporte_lazer,42.0,194.0,1.0,600.0,18.0,3.0,15.0
93fd807bea9d7cf539c1f5e0ef7ab1b5,moveis_decoracao,60.0,258.0,2.0,1000.0,25.0,37.0,36.0
39d4f8671e6c7b08d7d0036f4f46390f,pet_shop,55.0,727.0,1.0,6600.0,45.0,35.0,25.0
c876dad8e599989a907ee3b09c68966d,ferramentas_jardim,49.0,515.0,1.0,975.0,28.0,7.0,18.0
2ac41de9b0580f84618e017249626a72,moveis_decoracao,37.0,320.0,1.0,2700.0,47.0,10.0,35.0
af3397b442ec6b95e314ee7a286905fb,informatica_acessorios,49.0,235.0,2.0,200.0,60.0,16.0,11.0
0bbdc963004d9b2fd3427ee3c5ae3608,esporte_lazer,31.0,1479.0,3.0,150.0,23.0,7.0,12.0
e1d6e56531bd9c3dfad4f905f81072c7,cama_mesa_banho,58.0,192.0,1.0,1400.0,46.0,2.0,36.0
8339aa8a9674a681e4b0fcdb98f586ad,sinalizacao_e_seguranca,53.0,927.0,9.0,1050.0,16.0,20.0,16.0
b61a33788606a4ce2fda0452722283d1,fashion_bolsas_e_acessorios,60.0,1675.0,7.0,150.0,17.0,5.0,18.0
f486b2e5c945f3261655ae0bcbf92855,esporte_lazer,43.0,767.0,1.0,200.0,21.0,21.0,21.0
d97cfa719a6198d4a66453e0c6ed596c,fashion_bolsas_e_acessorios,57.0,66.0,1.0,250.0,16.0,2.0,20.0
9e8a8f0d5433b6dd46b98108d9ea27f0,relogios_presentes,49.0,696.0,1.0,375.0,18.0,12.0,13.0
9f5d4ccdd7f86c5c3fdcbd899867a5e9,esporte_lazer,43.0,417.0,1.0,300.0,30.0,16.0,16.0
6a7ee229607aa7511363812c90560144,eletrodomesticos,60.0,330.0,1.0,225.0,24.0,13.0,15.0
8085332eae15bbb5b7daa5b11fad25dc,fashion_bolsas_e_acessorios,39.0,245.0,4.0,100.0,16.0,5.0,14.0
83309bfd8eef19fbfaa8e790b824b572,casa_conforto,59.0,349.0,1.0,1600.0,45.0,15.0,35.0
49e9c574147c521a9bd39ab709a103f3,perfumaria,32.0,609.0,1.0,200.0,17.0,6.0,12.0
9394a725ee7e3f1da0d6b22b046cc8d4,brinquedos,41.0,807.0,1.0,1860.0,45.0,20.0,43.0
249360ba4e41990fed4dd4398fd1893a,bebes,53.0,1286.0,4.0,200.0,16.0,6.0,11.0
39d5577b413907bf3a1d2f9ab9510863,cama_mesa_banho,54.0,229.0,1.0,1500.0,40.0,5.0,30.0
78680f078476e5a28ec2c145ee75347a,cool_stuff,54.0,822.0,1.0,1100.0,30.0,12.0,16.0
5e211f15646acded537a9d1646f6a268,automotivo,59.0,759.0,2.0,2250.0,16.0,15.0,16.0
af3c32ffb86784d96ad53372364b9d3d,telefonia,47.0,174.0,2.0,150.0,20.0,5.0,12.0
7e31015e42f00d4170f63e2c37d55818,casa_conforto,60.0,216.0,3.0,2400.0,30.0,20.0,30.0
efafd20c0dfb7a4c591ec374a6befdcd,cama_mesa_banho,26.0,134.0,2.0,950.0,40.0,4.0,30.0
e799a2b8707a6a256fa3c040b75d2713,moveis_decoracao,60.0,2260.0,4.0,3000.0,69.0,11.0,11.0
ba2fafdf0c3e7418202575a48d00bd15,cama_mesa_banho,54.0,172.0,1.0,1000.0,35.0,15.0,25.0
29d6d16a90eb88618b243dc8cf30822a,malas_acessorios,50.0,389.0,3.0,11200.0,30.0,56.0,39.0
bbff7e0ea95dd990ce461d8104ee9173,eletrodomesticos_2,57.0,1933.0,4.0,15300.0,75.0,22.0,44.0
8be128ce3f51211048f4b891e9303381,,,,,3300.0,28.0,20.0,40.0
a4a65e9db92056dc3db50f09b945c270,moveis_decoracao,55.0,900.0,2.0,450.0,80.0,20.0,20.0
933f4f76eae38d2a97ecfb7c6355f0bc,beleza_saude,58.0,998.0,3.0,633.0,32.0,17.0,16.0
823193e4168a61989f856c9bea47060d,moveis_decoracao,58.0,568.0,1.0,21000.0,58.0,40.0,50.0
c028e45b1d245ae576fcf069f68265ed,pet_shop,49.0,683.0,1.0,11100.0,52.0,52.0,36.0
ef5d149e671d0d67a962eceb26d972c8,,,,,200.0,16.0,2.0,20.0
e648fe1e87009dc727a743101c2fc3fa,beleza_saude,59.0,2013.0,3.0,75.0,21.0,6.0,12.0
d3d5a1d52abe9a7d234908d873fc377b,malas_acessorios,24.0,520.0,3.0,4900.0,38.0,55.0,22.0
72ff94ec344eb61096393776f2f1ab8c,construcao_ferramentas_iluminacao,60.0,648.0,4.0,1500.0,30.0,20.0,20.0
a13b7a4ff25bbeb55fd4ecfb4abaa0b0,moveis_decoracao,38.0,449.0,4.0,5450.0,38.0,19.0,33.0
67d2c4ee8fd08752a32aae5f878740aa,telefonia,45.0,361.0,1.0,100.0,19.0,4.0,11.0
9fff2c7eb7b525394603ee6bbecc9e4b,bebidas,60.0,603.0,1.0,1900.0,21.0,34.0,21.0
675f7d81de5e3dce0491b9b0ce921748,utilidades_domesticas,55.0,475.0,3.0,1535.0,10.0,15.0,14.0
b36f3c918c91478c4559160022d3f14e,,,,,300.0,16.0,4.0,11.0
c571bd52d56c393e52b38a593da5950f,cama_mesa_banho,54.0,223.0,1.0,550.0,16.0,10.0,16.0
10876ffa7227a74d878729d3f6bea35d,pet_shop,46.0,474.0,10.0,2500.0,45.0,15.0,28.0
1cc8eab3e8021aa2f19391441692c477,fashion_calcados,54.0,404.0,4.0,1500.0,35.0,12.0,20.0
7cabdd3cd47d37e33d2c6eabff08c1a6,informatica_acessorios,31.0,1078.0,2.0,150.0,39.0,2.0,30.0
ecf23a6c1689e2bed38171ececac6138,utilidades_domesticas,56.0,1688.0,4.0,1700.0,16.0,17.0,17.0
3c2e0c7185b8cb4c6172f7ad5e8f3075,beleza_saude,40.0,733.0,1.0,400.0,16.0,19.0,15.0
d220fdef3dfe133c5a725ee59ce99595,automotivo,59.0,1149.0,5.0,1300.0,20.0,4.0,13.0
ca84f66aece31f9e2298a1b53d9f39ee,beleza_saude,59.0,526.0,4.0,200.0,19.0,11.0,23.0
ae81ec7bba7a30b0b609ecc9513699d4,moveis_decoracao,33.0,510.0,4.0,700.0,22.0,12.0,15.0
ba7e06201e60d29279c7f11d689792bb,relogios_presentes,39.0,587.0,2.0,325.0,18.0,13.0,16.0
a9e010c9e4e10e358d3baf52bb920893,fraldas_higiene,36.0,259.0,1.0,550.0,16.0,16.0,20.0
060965aa6dfa817b80abda0c9413cc77,cama_mesa_banho,59.0,3863.0,5.0,22250.0,85.0,23.0,68.0
b952d6773e9a3a9b86c9faded9ec3c86,informatica_acessorios,41.0,713.0,1.0,150.0,39.0,9.0,11.0
738121d1a5b54545080cef01275446d8,beleza_saude,24.0,1932.0,1.0,400.0,25.0,25.0,25.0
68a61f99e823ef8b90bebd0161b95a0c,automotivo,53.0,1311.0,3.0,400.0,16.0,7.0,11.0
f05159152e8d116081d78d5d1f11b062,beleza_saude,55.0,550.0,1.0,200.0,16.0,25.0,15.0
f95d9369ebf76f811194c72bd22ff244,moveis_decoracao,60.0,1152.0,3.0,3700.0,45.0,11.0,65.0
e16c02dd52598b26d3402ef8ca15448d,fashion_bolsas_e_acessorios,42.0,819.0,1.0,100.0,16.0,14.0,14.0
5e515438a7eb90b6f35a1d0157a6310b,informatica_acessorios,39.0,1009.0,1.0,200.0,31.0,13.0,11.0
12f54c9922a614df9d112a6d7537bb9d,telefonia,55.0,592.0,1.0,275.0,18.0,4.0,12.0
8fadf68a98d539874e3365004f8bb2e7,papelaria,60.0,315.0,3.0,6100.0,38.0,30.0,28.0
367dd13835e78ce371a3e7ed449a1d26,utilidades_domesticas,58.0,702.0,3.0,350.0,30.0,11.0,11.0
624b5655a9d76b5a0e7d780dc4733887,telefonia,53.0,264.0,2.0,200.0,19.0,4.0,11.0
75a9a2b97bddd22ba8b6fdd4b042da42,beleza_saude,57.0,2897.0,1.0,1200.0,35.0,10.0,35.0
14e9b59d37c1571b980c02e237a5d395,ferramentas_jardim,60.0,3920.0,3.0,6800.0,50.0,40.0,50.0
833cc08f39d51d324d7c702707535e4f,automotivo,52.0,666.0,2.0,17400.0,65.0,25.0,25.0
0c9452f6a812935c0615faee8bf8646b,moveis_escritorio,58.0,1104.0,1.0,10050.0,100.0,45.0,20.0
49659dedf501090b249d0b09ca7faaf7,moveis_decoracao,58.0,1969.0,2.0,3000.0,69.0,11.0,11.0
72b4b2eaeeba10703a63a5f639315366,automotivo,59.0,893.0,3.0,1800.0,30.0,30.0,30.0
1b7e8de633927dc83ae6d84f54f9cc1e,beleza_saude,35.0,472.0,1.0,358.0,17.0,16.0,14.0
6bae58cc7b604c823271ecb0f82de699,fashion_bolsas_e_acessorios,57.0,314.0,1.0,1000.0,60.0,40.0,60.0
bbe7651fef80287a816ead73f065fc4b,esporte_lazer,32.0,280.0,2.0,2700.0,60.0,15.0,15.0
48282b524c93e69ec5653481e2b8a237,fashion_bolsas_e_acessorios,38.0,828.0,1.0,100.0,16.0,5.0,16.0
aa8e397582b49721494b929b3216b41f,esporte_lazer,47.0,1199.0,3.0,200.0,30.0,5.0,16.0
a4f46aac5fc5e88c9701aa860c2a957c,fashion_bolsas_e_acessorios,33.0,365.0,4.0,800.0,30.0,20.0,25.0
d81cbbaeb38bdc56879d408d7f607b0e,telefonia,53.0,2384.0,1.0,600.0,21.0,23.0,22.0
2391e872fbc176a9378c25b0e5ed4b2f,esporte_lazer,53.0,54.0,2.0,250.0,20.0,25.0,25.0
4027c03e4b0afe1963877d2d164f880b,perfumaria,51.0,538.0,1.0,500.0,23.0,8.0,15.0
34282a40b7d2b7aae8762762cb6ebcad,moveis_sala,37.0,313.0,2.0,4350.0,58.0,16.0,53.0
3a22eb30c7bdd30bf0a4729ed8614d82,esporte_lazer,43.0,289.0,1.0,1199.0,25.0,23.0,22.0
0a3d0e8c9d5c6e92b034ab390cda4a48,esporte_lazer,58.0,976.0,1.0,750.0,30.0,30.0,30.0
adcadcaea9138b1888d211693ee2421a,malas_acessorios,50.0,390.0,3.0,200.0,16.0,6.0,12.0
35c4bd936587a3b496e5f865b551de1a,utilidades_domesticas,56.0,740.0,1.0,1850.0,30.0,30.0,30.0
7b5d9a68d3738077e0100d0528dd707d,moveis_decoracao,52.0,832.0,1.0,1000.0,20.0,35.0,20.0
66e0e2eae7c7ea6eae5a004c80a22bc2,relogios_presentes,35.0,606.0,3.0,700.0,23.0,15.0,19.0
e4b2809914acb98470a12e7dbbb73a5d,esporte_lazer,43.0,322.0,1.0,150.0,16.0,11.0,11.0
8b8422bfeaebcd02e897666185ca2c2c,cama_mesa_banho,56.0,92.0,1.0,400.0,28.0,13.0,12.0
59acb82068f537c60568a06ca341397f,informatica_acessorios,29.0,501.0,1.0,600.0,18.0,9.0,16.0
6e2d41323c4b6d240b530b9e68e83de1,relogios_presentes,55.0,626.0,1.0,400.0,23.0,15.0,19.0
2d4d78eecba060a7127c5f6a21cdb0c7,brinquedos,28.0,137.0,1.0,2444.0,45.0,22.0,41.0
d787de6a880320609e500adbb90fb9c7,telefonia,52.0,610.0,1.0,250.0,18.0,4.0,12.0
ace151a1240f7d1645965f9a9ea6c7e0,beleza_saude,34.0,2243.0,5.0,950.0,43.0,9.0,23.0
cfbf1eb673c7eba9e2f58d9375e902b1,fashion_roupa_feminina,29.0,509.0,2.0,700.0,20.0,12.0,20.0
b5a4e805e99d591325383971318613cd,construcao_ferramentas_construcao,56.0,484.0,1.0,150.0,20.0,4.0,20.0
e8d6e49fb0a39cfd4ebcdb977ebb82c4,construcao_ferramentas_seguranca,49.0,312.0,1.0,600.0,16.0,10.0,13.0
108fc05afc7b739e4a355e2bfa12bdc2,bebes,58.0,1149.0,2.0,500.0,30.0,10.0,30.0
90c6f8e7eb269e93626beb64379a8df9,moveis_decoracao,26.0,3454.0,1.0,1400.0,53.0,8.0,11.0
24ed44cfdb667b989166a0a60ca9f9bd,esporte_lazer,51.0,155.0,2.0,50.0,16.0,4.0,11.0
5636b7f13454e8499fa797687f2f6038,informatica_acessorios,43.0,726.0,3.0,150.0,16.0,12.0,15.0
f9982e3da18bb4f67e0fa0fcca27b8d4,consoles_games,45.0,1338.0,1.0,600.0,18.0,12.0,18.0
003a31970fea14fffe92ac856b8a9b97,casa_construcao,55.0,900.0,4.0,1850.0,45.0,12.0,45.0
84f456958365164420cfc80fbe4c7fab,cama_mesa_banho,55.0,312.0,1.0,1550.0,44.0,14.0,34.0
1f15aad258a1559be6c62fe1a774daa7,pet_shop,43.0,259.0,3.0,700.0,20.0,20.0,20.0
01bacce2c74317ed2524bcaabae2e9d4,utilidades_domesticas,40.0,196.0,2.0,1000.0,38.0,39.0,38.0
1de98461015ec4932a0459c5772f7b1f,papelaria,53.0,197.0,3.0,650.0,23.0,7.0,15.0
691068f9993552f6ba5a12e4b379b4a0,beleza_saude,57.0,463.0,1.0,375.0,16.0,15.0,14.0
cff0f92f00bc55eda3414e941101ccb9,construcao_ferramentas_construcao,55.0,174.0,6.0,10200.0,44.0,15.0,33.0
2ceff09b2c03503b6dfe7b076c6f0c1e,beleza_saude,45.0,2208.0,2.0,150.0,16.0,6.0,11.0
84952f1f00709e71d58587cb34163e26,eletrodomesticos_2,55.0,930.0,4.0,2300.0,30.0,24.0,30.0
045bb60690dbae4f06160b45556463a1,utilidades_domesticas,35.0,116.0,1.0,1200.0,80.0,16.0,16.0
a5b601f57c1fe288e77100429a1f1b7a,automotivo,50.0,3424.0,5.0,200.0,16.0,5.0,16.0
7f61bd19ec09e7fe8a9fa226b516e6cd,telefonia_fixa,51.0,537.0,1.0,850.0,43.0,30.0,33.0
725f8d2c0ae782803f3a364b9d2f6f24,moveis_decoracao,42.0,444.0,1.0,4300.0,35.0,15.0,30.0
e0cd006cb0ccbbf5e501be0df7c1e5f4,bebes,36.0,80.0,1.0,195.0,15.0,11.0,12.0
bf7e9480325415ebfee169ceee8b53e0,esporte_lazer,57.0,576.0,1.0,1800.0,26.0,18.0,18.0
0192191cc1bc83262d6667c54c2e048f,fashion_calcados,54.0,404.0,4.0,850.0,22.0,12.0,33.0
f8c52581d99477033b6cfa2da771e101,esporte_lazer,49.0,373.0,4.0,150.0,20.0,4.0,15.0
569216db5e4a857c4056614de975617f,relogios_presentes,57.0,607.0,2.0,600.0,21.0,20.0,17.0
b0895d32e26dbb099a86c2ce278783f3,moveis_decoracao,55.0,1033.0,1.0,2050.0,35.0,26.0,16.0
066bbc3a1363adc4d73e093aefd9363a,informatica_acessorios,54.0,1374.0,3.0,1900.0,26.0,10.0,20.0
daf7ec5956e0377c86e427d04ba0e315,cama_mesa_banho,49.0,729.0,1.0,3200.0,20.0,30.0,30.0
693567e68c0e3d72dc3ae88159aeed6c,moveis_decoracao,54.0,315.0,1.0,303.0,14.0,14.0,28.0
b061d19bedb7cb3af1ae9d6fb52b5712,automotivo,37.0,2031.0,1.0,5100.0,55.0,15.0,34.0
2eb2543712366c95191841792a725a23,utilidades_domesticas,55.0,236.0,1.0,450.0,54.0,4.0,15.0
d392a00a8d96150a649853d20d63e8ba,esporte_lazer,47.0,490.0,1.0,1500.0,22.0,27.0,22.0
abda62f854cffdc94184e6bccadc2286,utilidades_domesticas,36.0,810.0,4.0,800.0,27.0,22.0,27.0
306b0c58328826c0564cbc520787d508,cama_mesa_banho,31.0,209.0,3.0,765.0,35.0,20.0,48.0
e8c111b515e74b1cbbad7b86099bf637,utilidades_domesticas,58.0,1033.0,1.0,600.0,55.0,18.0,37.0
b200c3a6dbe2a96c1e2f1904361763db,perfumaria,49.0,699.0,2.0,350.0,20.0,16.0,21.0
08bcc2d85da3a9c0e2ac1cc28b67418d,livros_tecnicos,38.0,3543.0,1.0,350.0,23.0,2.0,16.0
88d4861333d5a570ffdfc395e90d929d,informatica_acessorios,43.0,492.0,1.0,200.0,18.0,9.0,16.0
734be9836ed8115f981a072369c2516c,cama_mesa_banho,51.0,242.0,1.0,2700.0,37.0,23.0,35.0
1fb5f3130b9f5c67e7dc57e0f5df6e6d,instrumentos_musicais,57.0,1096.0,5.0,1850.0,54.0,16.0,11.0
bb0d5e6aed6ddf6c6ca1bd5e448bc106,cool_stuff,46.0,2522.0,5.0,900.0,16.0,8.0,13.0
fc1d8637c0268af3db482c14b7ef8e75,cama_mesa_banho,60.0,269.0,1.0,1700.0,34.0,7.0,32.0
8c464efd8ef90612cb673a5ce7046e8c,papelaria,59.0,175.0,2.0,400.0,20.0,20.0,20.0
d1314aa640f46cc0302ec32290782b7b,bebes,59.0,663.0,3.0,50.0,31.0,2.0,27.0
db715cc52497b781151fa5d2968048c9,ferramentas_jardim,56.0,82.0,1.0,600.0,20.0,16.0,16.0
c9a5cd871df02fbd050ef58ef9a64510,cool_stuff,56.0,1400.0,2.0,585.0,21.0,20.0,19.0
0e8667de30891d1a7de8ab9ebae611d9,cama_mesa_banho,48.0,207.0,1.0,950.0,35.0,15.0,25.0
a5b27ab457629a351464825096c64688,eletronicos,42.0,453.0,3.0,3000.0,40.0,12.0,20.0
60184212dae4e6b0da32bf54271a8c4a,relogios_presentes,59.0,476.0,2.0,394.0,17.0,11.0,14.0
6047d1b3d3841a528e860a939daa2035,perfumaria,52.0,292.0,1.0,150.0,16.0,3.0,15.0
b8411dee248601bc460bac8e1fb8a102,cama_mesa_banho,56.0,471.0,3.0,525.0,24.0,7.0,29.0
0f81e9b864727ae5398d12bea4061449,eletrodomesticos,57.0,252.0,1.0,1600.0,55.0,7.0,38.0
300666e2638b1c8f5528bd23a6e9dea3,cama_mesa_banho,46.0,1391.0,2.0,1250.0,48.0,10.0,12.0
f4e4b2101f8c3afd7b8a8546e9d706f4,eletrodomesticos,50.0,356.0,2.0,225.0,28.0,13.0,18.0
17f40fbed6dd51e0cc87eefe3d88f644,informatica_acessorios,56.0,1145.0,4.0,1300.0,20.0,30.0,20.0
3e49351c2f191cb67c4224b392531a74,malas_acessorios,43.0,883.0,9.0,1750.0,32.0,52.0,19.0
94252831daf1ef36429398257ea0450c,moveis_sala,60.0,493.0,1.0,1375.0,63.0,11.0,16.0
aa74ebe862c9061d4272681810675a01,esporte_lazer,43.0,1236.0,1.0,1500.0,21.0,26.0,21.0
a1fcd4b731530eed7fa5531f3f0c2fe0,cama_mesa_banho,51.0,231.0,1.0,2100.0,40.0,6.0,29.0
a96e543f9cfb2ecdb07c59321ff0018c,brinquedos,24.0,589.0,2.0,2700.0,51.0,35.0,26.0
067e6da1c75010f933e68b76efb2273f,utilidades_domesticas,58.0,451.0,4.0,8575.0,33.0,48.0,38.0
0856c40d9a18fc6aa8bb4be6a092f95b,cama_mesa_banho,57.0,399.0,1.0,10965.0,52.0,24.0,52.0
c21bd5b6be0663cddb80ec6744d6ca24,esporte_lazer,57.0,3315.0,3.0,538.0,23.0,17.0,17.0
fe59a1e006df3ac42bf0ceb876d70969,informatica_acessorios,60.0,2136.0,1.0,3407.0,28.0,22.0,23.0
d3b162a5b147714e8b99909d0f6132b7,brinquedos,40.0,457.0,2.0,652.0,27.0,31.0,22.0
fadc89c2a60ff96b18827644074dfd70,utilidades_domesticas,52.0,827.0,1.0,1800.0,30.0,30.0,30.0
17c092cc98bba142fa0168733da00d3b,informatica_acessorios,41.0,1005.0,3.0,150.0,18.0,3.0,11.0
a58d73d571793d350bfd31a624416f2d,cama_mesa_banho,58.0,1491.0,1.0,1600.0,28.0,10.0,26.0
da9d5b38b3e2e1c8cb2731aa7e8bec8c,beleza_saude,57.0,767.0,1.0,1000.0,16.0,16.0,16.0
7aa09531577c4f30eaf1f6cbe61f6536,esporte_lazer,56.0,1249.0,1.0,4350.0,20.0,20.0,20.0
97de49733ccaac64d122444d8db709d1,livros_importados,56.0,345.0,1.0,300.0,33.0,2.0,23.0
f7f7214af35d79cb0baa6038fdc65e2c,utilidades_domesticas,47.0,485.0,5.0,1700.0,32.0,14.0,28.0
79380e4f154e94ac435d6d1e7ce413cd,utilidades_domesticas,44.0,585.0,1.0,4200.0,62.0,30.0,25.0
c5215dd0ebe57e26ec6025f1c4b42029,relogios_presentes,44.0,281.0,1.0,450.0,17.0,14.0,15.0
d8bf954d364f9ed61bcb3af7fd78a70d,cama_mesa_banho,51.0,701.0,1.0,1000.0,50.0,12.0,12.0
4979ccb21aa205c914d9a092cf869e83,moveis_decoracao,48.0,669.0,2.0,14800.0,80.0,10.0,50.0
c420c13056340a00e4cd63fdf6e4f4fc,esporte_lazer,47.0,70.0,1.0,500.0,22.0,15.0,22.0
8beaa9c2347824b1bf4f8784a0cb5ee4,esporte_lazer,38.0,166.0,1.0,900.0,20.0,20.0,15.0
30001d6521e7d5826eb1881050cea7e7,informatica_acessorios,33.0,1084.0,2.0,150.0,41.0,2.0,29.0
c3798d484fb730f0b5c23af0d5361595,cine_foto,45.0,150.0,1.0,100.0,16.0,11.0,12.0
2ace3826b9a1b13030adc77ae9ae7902,telefonia_fixa,58.0,438.0,2.0,750.0,30.0,10.0,20.0
a59fb60fddcc72a9878b7ed5cb69d8e4,audio,48.0,424.0,1.0,200.0,27.0,5.0,20.0
39b5afc4814b4e72b2bfe4f4806aac25,relogios_presentes,56.0,679.0,2.0,600.0,16.0,11.0,11.0
945f3073eeafb360bba960560cc63bcc,automotivo,57.0,695.0,6.0,6950.0,47.0,19.0,23.0
297b1803f900002706c8de3e0a77d217,esporte_lazer,50.0,1354.0,1.0,6600.0,30.0,30.0,30.0
b573e2860f2732edf610345956e81bb9,informatica_acessorios,43.0,520.0,1.0,850.0,38.0,11.0,13.0
d2c277a6bd8e9119fa1a84c70f3eab5d,moveis_decoracao,40.0,133.0,1.0,2750.0,60.0,15.0,30.0
2feb83b6c3b3380b8822146538c70f7c,livros_tecnicos,40.0,971.0,1.0,700.0,22.0,5.0,15.0
986af931e7ce399914deaa43d224b124,cama_mesa_banho,47.0,117.0,1.0,300.0,40.0,4.0,30.0
9e75c1e76e60e7ddab5d73da0e216234,utilidades_domesticas,60.0,484.0,1.0,1600.0,25.0,25.0,25.0
